timestamp,customers_affected,total_cust_s,total_outages,summaryTotalId
2022-01-12 19:25:54.865000-05:00,59,1561835.0,16.0,total-1
2022-01-12 20:55:03.802000-05:00,51,1561835.0,5.0,total-1
2022-01-12 21:02:06.592000-05:00,48,1561835.0,4.0,total-1
2022-01-12 21:31:34.928000-05:00,50,1561835.0,6.0,total-1
2022-01-12 22:27:45.230000-05:00,51,1561835.0,7.0,total-1
2022-01-12 22:27:45.230000-05:00,51,1561835.0,7.0,total-1
2022-01-12 22:43:08.828000-05:00,61,1561835.0,9.0,total-1
2022-01-12 23:01:33.259000-05:00,51,1561835.0,7.0,total-1
2022-01-12 23:37:05.727000-05:00,7,1561835.0,6.0,total-1
2022-01-12 23:55:00.481000-05:00,5,1561835.0,4.0,total-1
2022-01-13 00:07:51.433000-05:00,5,1561835.0,4.0,total-1
2022-01-13 00:26:25.014000-05:00,5,1561835.0,4.0,total-1
2022-01-13 00:36:53.742000-05:00,4,1561835.0,3.0,total-1
2022-01-13 00:43:52.744000-05:00,4,1561835.0,3.0,total-1
2022-01-13 01:07:47.156000-05:00,5,1561835.0,4.0,total-1
2022-01-13 01:32:04.367000-05:00,4,1561835.0,3.0,total-1
2022-01-13 01:54:56.639000-05:00,4,1561835.0,3.0,total-1
2022-01-13 02:02:16.021000-05:00,4,1561835.0,3.0,total-1
2022-01-13 02:18:56.324000-05:00,4,1561835.0,3.0,total-1
2022-01-13 02:31:38.894000-05:00,4,1561835.0,3.0,total-1
2022-01-13 02:43:53.208000-05:00,4,1561835.0,3.0,total-1
2022-01-13 03:07:25.411000-05:00,4,1561835.0,4.0,total-1
2022-01-13 03:31:31.244000-05:00,5,1561835.0,5.0,total-1
2022-01-13 03:49:10.270000-05:00,5,1561835.0,5.0,total-1
2022-01-13 04:01:48.823000-05:00,6,1561835.0,6.0,total-1
2022-01-13 04:25:35.303000-05:00,57,1561835.0,9.0,total-1
2022-01-13 04:36:47.572000-05:00,58,1561835.0,10.0,total-1
2022-01-13 04:43:47.077000-05:00,60,1561835.0,12.0,total-1
2022-01-13 05:01:01.898000-05:00,60,1561835.0,12.0,total-1
2022-01-13 05:24:47.972000-05:00,57,1561835.0,10.0,total-1
2022-01-13 05:43:12.568000-05:00,58,1561835.0,11.0,total-1
2022-01-13 06:00:53.123000-05:00,10,1561835.0,9.0,total-1
2022-01-13 06:19:09.697000-05:00,10,1561835.0,9.0,total-1
2022-01-13 06:32:01.086000-05:00,8,1561835.0,7.0,total-1
2022-01-13 06:43:07.251000-05:00,8,1561835.0,7.0,total-1
2022-01-13 07:07:56.571000-05:00,7,1561835.0,6.0,total-1
2022-01-13 07:44:10.230000-05:00,132,1561835.0,8.0,total-1
2022-01-13 08:13:40.240000-05:00,134,1561835.0,10.0,total-1
2022-01-13 08:37:54.664000-05:00,32,1561835.0,10.0,total-1
2022-01-13 08:43:33.085000-05:00,49,1561835.0,12.0,total-1
2022-01-13 09:01:46.625000-05:00,61,1561835.0,13.0,total-1
2022-01-13 09:25:18.082000-05:00,60,1561835.0,13.0,total-1
2022-01-13 09:32:07.400000-05:00,67,1561835.0,20.0,total-1
2022-01-13 09:43:15.033000-05:00,41,1561835.0,19.0,total-1
2022-01-13 10:02:16.065000-05:00,481,1561835.0,24.0,total-1
2022-01-13 10:25:20.045000-05:00,529,1561835.0,34.0,total-1
2022-01-13 10:50:18.110000-05:00,517,1561835.0,40.0,total-1
2022-01-13 11:08:19.813000-05:00,682,1561835.0,46.0,total-1
2022-01-13 11:43:37.005000-05:00,846,1561835.0,45.0,total-1
2022-01-13 12:13:00.581000-05:00,838,1561835.0,45.0,total-1
2022-01-13 12:43:21.648000-05:00,250,1561835.0,37.0,total-1
2022-01-13 12:48:59.498000-05:00,296,1561835.0,37.0,total-1
2022-01-13 13:07:05.652000-05:00,376,1561835.0,40.0,total-1
2022-01-13 13:31:56.343000-05:00,584,1561835.0,42.0,total-1
2022-01-13 13:48:57.513000-05:00,623,1561835.0,35.0,total-1
2022-01-13 14:01:51.387000-05:00,422,1561835.0,39.0,total-1
2022-01-13 14:19:22.558000-05:00,378,1561835.0,36.0,total-1
2022-01-13 14:25:14.180000-05:00,381,1561835.0,39.0,total-1
2022-01-13 14:43:22.499000-05:00,407,1561835.0,39.0,total-1
2022-01-13 15:01:40.934000-05:00,553,1561835.0,38.0,total-1
2022-01-13 15:25:32.642000-05:00,447,1561835.0,39.0,total-1
2022-01-13 15:37:46.508000-05:00,409,1561835.0,39.0,total-1
2022-01-13 15:43:20.519000-05:00,553,1561835.0,41.0,total-1
2022-01-13 16:02:14.373000-05:00,695,1561835.0,30.0,total-1
2022-01-13 16:24:57.604000-05:00,693,1561835.0,28.0,total-1
2022-01-13 16:31:47.839000-05:00,679,1561835.0,25.0,total-1
2022-01-13 16:43:18.737000-05:00,535,1561835.0,22.0,total-1
2022-01-13 17:01:48.967000-05:00,536,1561835.0,24.0,total-1
2022-01-13 17:25:55.312000-05:00,539,1561835.0,26.0,total-1
2022-01-13 17:36:56.444000-05:00,535,1561835.0,24.0,total-1
2022-01-13 17:43:54.634000-05:00,534,1561835.0,23.0,total-1
2022-01-13 18:01:57.305000-05:00,536,1561835.0,19.0,total-1
2022-01-13 18:26:31.890000-05:00,549,1561835.0,18.0,total-1
2022-01-13 18:37:09.166000-05:00,551,1561835.0,20.0,total-1
2022-01-13 18:44:00.131000-05:00,549,1561835.0,18.0,total-1
2022-01-13 19:18:51.306000-05:00,507,1561835.0,15.0,total-1
2022-01-13 20:37:07.794000-05:00,484,1561835.0,12.0,total-1
2022-01-13 21:26:29.521000-05:00,479,1561835.0,10.0,total-1
2022-01-13 21:49:33.379000-05:00,475,1561835.0,6.0,total-1
2022-01-13 22:08:00.934000-05:00,17,1561835.0,5.0,total-1
2022-01-13 22:25:03.557000-05:00,33,1561835.0,7.0,total-1
2022-01-13 22:43:04.210000-05:00,69,1561835.0,9.0,total-1
2022-01-13 23:01:07.232000-05:00,64,1561835.0,6.0,total-1
2022-01-13 23:32:05.363000-05:00,63,1561835.0,5.0,total-1
2022-01-13 23:56:31.024000-05:00,62,1561835.0,4.0,total-1
2022-01-14 00:12:57.737000-05:00,63,1561835.0,5.0,total-1
2022-01-14 00:25:32.256000-05:00,67,1561835.0,5.0,total-1
2022-01-14 00:31:35.763000-05:00,67,1561835.0,5.0,total-1
2022-01-14 00:43:39.467000-05:00,35,1561835.0,4.0,total-1
2022-01-14 01:01:56.625000-05:00,995,1561835.0,5.0,total-1
2022-01-14 01:30:53.003000-05:00,19,1561835.0,3.0,total-1
2022-01-14 01:50:05.215000-05:00,20,1561835.0,4.0,total-1
2022-01-14 02:01:09.359000-05:00,22,1561835.0,5.0,total-1
2022-01-14 02:19:11.110000-05:00,18,1561835.0,5.0,total-1
2022-01-14 02:31:36.416000-05:00,19,1561835.0,6.0,total-1
2022-01-14 02:43:54.033000-05:00,319,1561835.0,8.0,total-1
2022-01-14 03:07:45.732000-05:00,305,1561835.0,6.0,total-1
2022-01-14 03:31:03.979000-05:00,156,1561835.0,7.0,total-1
2022-01-14 03:50:06.168000-05:00,147,1561835.0,5.0,total-1
2022-01-14 04:01:31.699000-05:00,147,1561835.0,5.0,total-1
2022-01-14 04:24:56.984000-05:00,146,1561835.0,4.0,total-1
2022-01-14 04:37:25.341000-05:00,146,1561835.0,4.0,total-1
2022-01-14 04:42:49.511000-05:00,146,1561835.0,4.0,total-1
2022-01-14 05:02:07.584000-05:00,146,1561835.0,4.0,total-1
2022-01-14 05:30:54.698000-05:00,148,1561835.0,6.0,total-1
2022-01-14 05:43:11.443000-05:00,147,1561835.0,5.0,total-1
2022-01-14 06:01:11.409000-05:00,147,1561835.0,5.0,total-1
2022-01-14 06:19:15.011000-05:00,146,1561835.0,4.0,total-1
2022-01-14 06:32:06.286000-05:00,147,1561835.0,5.0,total-1
2022-01-14 06:43:04.918000-05:00,148,1561835.0,5.0,total-1
2022-01-14 07:07:22.529000-05:00,393,1561835.0,8.0,total-1
2022-01-14 07:45:22.213000-05:00,404,1561835.0,11.0,total-1
2022-01-14 08:13:41.255000-05:00,261,1561835.0,12.0,total-1
2022-01-14 08:37:09.016000-05:00,120,1561835.0,12.0,total-1
2022-01-14 08:44:04.554000-05:00,121,1561835.0,13.0,total-1
2022-01-14 09:02:17.557000-05:00,147,1561835.0,21.0,total-1
2022-01-14 09:25:14.973000-05:00,151,1561835.0,24.0,total-1
2022-01-14 09:32:09.738000-05:00,172,1561835.0,29.0,total-1
2022-01-14 09:43:41.480000-05:00,212,1561835.0,33.0,total-1
2022-01-14 10:02:17.075000-05:00,3245,1561835.0,38.0,total-1
2022-01-14 10:25:43.143000-05:00,215,1561835.0,38.0,total-1
2022-01-14 10:49:45.622000-05:00,190,1561835.0,38.0,total-1
2022-01-14 11:02:07.120000-05:00,167,1561835.0,28.0,total-1
2022-01-14 11:43:47.361000-05:00,161,1561835.0,28.0,total-1
2022-01-14 12:12:55.735000-05:00,124,1561835.0,31.0,total-1
2022-01-14 12:37:53.209000-05:00,217,1561835.0,38.0,total-1
2022-01-14 12:49:07.523000-05:00,195,1561835.0,36.0,total-1
2022-01-14 13:01:36.190000-05:00,185,1561835.0,36.0,total-1
2022-01-14 13:31:50.408000-05:00,145,1561835.0,32.0,total-1
2022-01-14 13:49:40.658000-05:00,60,1561835.0,30.0,total-1
2022-01-14 14:01:37.209000-05:00,94,1561835.0,35.0,total-1
2022-01-14 14:19:20.434000-05:00,84,1561835.0,34.0,total-1
2022-01-14 14:25:00.519000-05:00,84,1561835.0,36.0,total-1
2022-01-14 14:43:15.050000-05:00,82,1561835.0,34.0,total-1
2022-01-14 15:01:04.415000-05:00,101,1561835.0,31.0,total-1
2022-01-14 15:25:55.521000-05:00,141,1561835.0,30.0,total-1
2022-01-14 15:36:52.897000-05:00,103,1561835.0,24.0,total-1
2022-01-14 15:43:41.490000-05:00,105,1561835.0,23.0,total-1
2022-01-14 16:02:16.153000-05:00,196,1561835.0,19.0,total-1
2022-01-14 16:25:38.258000-05:00,198,1561835.0,22.0,total-1
2022-01-14 16:31:46.014000-05:00,195,1561835.0,21.0,total-1
2022-01-14 16:43:59.321000-05:00,185,1561835.0,19.0,total-1
2022-01-14 17:00:53.984000-05:00,187,1561835.0,22.0,total-1
2022-01-14 17:25:49.950000-05:00,180,1561835.0,17.0,total-1
2022-01-14 17:37:27.408000-05:00,180,1561835.0,19.0,total-1
2022-01-14 17:42:55.217000-05:00,180,1561835.0,19.0,total-1
2022-01-14 18:02:11.266000-05:00,178,1561835.0,17.0,total-1
2022-01-14 18:26:50.686000-05:00,207,1561835.0,18.0,total-1
2022-01-14 18:37:15.892000-05:00,206,1561835.0,17.0,total-1
2022-01-14 18:44:08.917000-05:00,215,1561835.0,19.0,total-1
2022-01-14 19:19:55.479000-05:00,216,1561835.0,20.0,total-1
2022-01-14 20:36:50.269000-05:00,49,1561835.0,16.0,total-1
2022-01-14 21:25:49.084000-05:00,49,1561835.0,16.0,total-1
2022-01-14 21:55:51.917000-05:00,104,1561835.0,12.0,total-1
2022-01-14 22:06:59.588000-05:00,103,1561835.0,11.0,total-1
2022-01-14 22:31:59.197000-05:00,106,1561835.0,13.0,total-1
2022-01-14 22:43:03.399000-05:00,150,1561835.0,13.0,total-1
2022-01-14 23:01:02.286000-05:00,149,1561835.0,12.0,total-1
2022-01-14 23:37:33.756000-05:00,150,1561835.0,12.0,total-1
2022-01-14 23:55:52.433000-05:00,116,1561835.0,11.0,total-1
2022-01-15 00:07:04.089000-05:00,117,1561835.0,12.0,total-1
2022-01-15 00:25:25.017000-05:00,73,1561835.0,11.0,total-1
2022-01-15 00:30:58.706000-05:00,72,1561835.0,10.0,total-1
2022-01-15 00:43:20.679000-05:00,11,1561835.0,8.0,total-1
2022-01-15 01:01:07.505000-05:00,12,1561835.0,9.0,total-1
2022-01-15 01:31:28.720000-05:00,10,1561835.0,9.0,total-1
2022-01-15 01:49:02.711000-05:00,10,1561835.0,8.0,total-1
2022-01-15 02:01:33.168000-05:00,11,1561835.0,9.0,total-1
2022-01-15 02:24:56.382000-05:00,10,1561835.0,8.0,total-1
2022-01-15 02:31:48.513000-05:00,10,1561835.0,8.0,total-1
2022-01-15 02:44:21.235000-05:00,10,1561835.0,8.0,total-1
2022-01-15 03:00:48.523000-05:00,15,1561835.0,9.0,total-1
2022-01-15 03:31:34.363000-05:00,14,1561835.0,8.0,total-1
2022-01-15 03:49:08.190000-05:00,14,1561835.0,8.0,total-1
2022-01-15 04:03:12.487000-05:00,15,1561835.0,9.0,total-1
2022-01-15 04:25:21.625000-05:00,15,1561835.0,9.0,total-1
2022-01-15 04:37:39.785000-05:00,13,1561835.0,8.0,total-1
2022-01-15 04:43:14.590000-05:00,7,1561835.0,7.0,total-1
2022-01-15 05:01:36.064000-05:00,16,1561835.0,9.0,total-1
2022-01-15 05:25:45.704000-05:00,8,1561835.0,8.0,total-1
2022-01-15 05:43:40.459000-05:00,9,1561835.0,7.0,total-1
2022-01-15 06:01:51.464000-05:00,11,1561835.0,9.0,total-1
2022-01-15 06:18:48.195000-05:00,9,1561835.0,9.0,total-1
2022-01-15 06:31:32.316000-05:00,9,1561835.0,9.0,total-1
2022-01-15 06:43:35.779000-05:00,9,1561835.0,9.0,total-1
2022-01-15 07:08:01.257000-05:00,11,1561835.0,11.0,total-1
2022-01-15 07:43:51.667000-05:00,11,1561835.0,11.0,total-1
2022-01-15 08:13:16.288000-05:00,45,1561835.0,13.0,total-1
2022-01-15 08:32:05.596000-05:00,49,1561835.0,15.0,total-1
2022-01-15 08:43:29.147000-05:00,56,1561835.0,11.0,total-1
2022-01-15 09:01:39.874000-05:00,140,1561835.0,17.0,total-1
2022-01-15 09:21:35.619000-05:00,111,1561835.0,17.0,total-1
2022-01-15 09:30:58.963000-05:00,106,1561835.0,16.0,total-1
2022-01-15 09:43:15.560000-05:00,101,1561835.0,15.0,total-1
2022-01-15 10:02:08.520000-05:00,45,1561835.0,15.0,total-1
2022-01-15 10:25:34.906000-05:00,48,1561835.0,18.0,total-1
2022-01-15 10:43:58.934000-05:00,138,1561835.0,17.0,total-1
2022-01-15 10:49:21.823000-05:00,138,1561835.0,17.0,total-1
2022-01-15 11:07:17.344000-05:00,137,1561835.0,18.0,total-1
2022-01-15 11:44:09.514000-05:00,135,1561835.0,14.0,total-1
2022-01-15 12:13:11.524000-05:00,29,1561835.0,11.0,total-1
2022-01-15 12:37:14.507000-05:00,31,1561835.0,11.0,total-1
2022-01-15 12:49:33.806000-05:00,13,1561835.0,10.0,total-1
2022-01-15 13:01:56.887000-05:00,14,1561835.0,11.0,total-1
2022-01-15 13:30:46.524000-05:00,47,1561835.0,13.0,total-1
2022-01-15 13:49:26.535000-05:00,49,1561835.0,15.0,total-1
2022-01-15 14:01:46.017000-05:00,34,1561835.0,13.0,total-1
2022-01-15 14:19:38.171000-05:00,36,1561835.0,15.0,total-1
2022-01-15 14:25:14.497000-05:00,33,1561835.0,14.0,total-1
2022-01-15 14:43:23.905000-05:00,32,1561835.0,13.0,total-1
2022-01-15 15:01:39.889000-05:00,30,1561835.0,11.0,total-1
2022-01-15 15:26:07.102000-05:00,37,1561835.0,14.0,total-1
2022-01-15 15:37:36.326000-05:00,536,1561835.0,16.0,total-1
2022-01-15 15:43:01.161000-05:00,535,1561835.0,15.0,total-1
2022-01-15 16:00:59.410000-05:00,536,1561835.0,17.0,total-1
2022-01-15 16:24:56.609000-05:00,267,1561835.0,13.0,total-1
2022-01-15 16:31:56.356000-05:00,268,1561835.0,14.0,total-1
2022-01-15 16:42:59.665000-05:00,267,1561835.0,12.0,total-1
2022-01-15 17:00:55.293000-05:00,259,1561835.0,12.0,total-1
2022-01-15 17:26:05.438000-05:00,247,1561835.0,10.0,total-1
2022-01-15 17:37:07.069000-05:00,248,1561835.0,11.0,total-1
2022-01-15 17:43:59.380000-05:00,246,1561835.0,9.0,total-1
2022-01-15 18:01:55.710000-05:00,245,1561835.0,10.0,total-1
2022-01-15 18:25:53.120000-05:00,30,1561835.0,10.0,total-1
2022-01-15 18:36:51.785000-05:00,35,1561835.0,12.0,total-1
2022-01-15 18:43:42.413000-05:00,35,1561835.0,12.0,total-1
2022-01-15 19:20:03.240000-05:00,49,1561835.0,16.0,total-1
2022-01-15 20:43:42.601000-05:00,247,1561835.0,15.0,total-1
2022-01-15 21:26:44.416000-05:00,304,1561835.0,22.0,total-1
2022-01-15 21:55:22.207000-05:00,353,1561835.0,34.0,total-1
2022-01-15 22:09:31.789000-05:00,463,1561835.0,33.0,total-1
2022-01-15 22:32:00.033000-05:00,1096,1561835.0,47.0,total-1
2022-01-15 22:43:00.895000-05:00,1098,1561835.0,45.0,total-1
2022-01-15 23:02:04.042000-05:00,1652,1561835.0,50.0,total-1
2022-01-15 23:37:49.244000-05:00,1795,1561835.0,64.0,total-1
2022-01-15 23:55:44.356000-05:00,1724,1561987.0,67.0,total-1
2022-01-16 00:06:54.856000-05:00,1771,1561987.0,73.0,total-1
2022-01-16 00:25:14.658000-05:00,2112,1561987.0,79.0,total-1
2022-01-16 00:37:42.857000-05:00,1976,1561987.0,83.0,total-1
2022-01-16 00:43:15.563000-05:00,3185,1561987.0,86.0,total-1
2022-01-16 01:00:56.184000-05:00,2313,1561987.0,88.0,total-1
2022-01-16 01:31:13.808000-05:00,2774,1561987.0,98.0,total-1
2022-01-16 01:49:02.223000-05:00,2341,1561987.0,100.0,total-1
2022-01-16 02:01:47.931000-05:00,2855,1561987.0,110.0,total-1
2022-01-16 02:25:25.982000-05:00,4041,1561987.0,148.0,total-1
2022-01-16 02:32:19.542000-05:00,3709,1561987.0,147.0,total-1
2022-01-16 02:43:22.041000-05:00,3724,1561987.0,157.0,total-1
2022-01-16 03:01:48.807000-05:00,6776,1561987.0,183.0,total-1
2022-01-16 03:32:16.440000-05:00,9782,1561987.0,258.0,total-1
2022-01-16 03:49:24.728000-05:00,8558,1561987.0,286.0,total-1
2022-01-16 04:02:06.357000-05:00,8614,1561987.0,304.0,total-1
2022-01-16 04:25:38.760000-05:00,9080,1561987.0,335.0,total-1
2022-01-16 04:38:12.909000-05:00,9476,1561987.0,349.0,total-1
2022-01-16 04:43:40.687000-05:00,9444,1561987.0,349.0,total-1
2022-01-16 05:02:02.153000-05:00,10086,1561987.0,359.0,total-1
2022-01-16 05:26:00.770000-05:00,10238,1561987.0,374.0,total-1
2022-01-16 05:44:17.931000-05:00,11797,1561987.0,390.0,total-1
2022-01-16 06:01:07.806000-05:00,11055,1561987.0,394.0,total-1
2022-01-16 06:19:45.600000-05:00,11365,1561379.0,399.0,total-1
2022-01-16 06:25:46.180000-05:00,12065,1561379.0,405.0,total-1
2022-01-16 06:44:11.059000-05:00,10647,1561379.0,401.0,total-1
2022-01-16 07:07:02.943000-05:00,9955,1561379.0,386.0,total-1
2022-01-16 07:43:06.785000-05:00,9411,1561379.0,376.0,total-1
2022-01-16 08:08:25.597000-05:00,9922,1561379.0,372.0,total-1
2022-01-16 08:31:07.819000-05:00,8963,1561379.0,368.0,total-1
2022-01-16 08:43:47.117000-05:00,9096,1561379.0,371.0,total-1
2022-01-16 09:02:15.286000-05:00,8138,1561379.0,366.0,total-1
2022-01-16 09:19:15.058000-05:00,6966,1561379.0,355.0,total-1
2022-01-16 09:32:13.092000-05:00,6326,1561379.0,357.0,total-1
2022-01-16 09:43:12.516000-05:00,5746,1561379.0,344.0,total-1
2022-01-16 10:01:41.756000-05:00,5316,1561379.0,334.0,total-1
2022-01-16 10:25:52.381000-05:00,5092,1561379.0,321.0,total-1
2022-01-16 10:37:17.296000-05:00,4940,1561379.0,315.0,total-1
2022-01-16 10:49:58.286000-05:00,4853,1561379.0,310.0,total-1
2022-01-16 11:01:40.537000-05:00,4710,1561379.0,301.0,total-1
2022-01-16 11:43:54.443000-05:00,3887,1561379.0,289.0,total-1
2022-01-16 12:13:32.414000-05:00,3546,1561379.0,276.0,total-1
2022-01-16 12:37:28.996000-05:00,3289,1561379.0,250.0,total-1
2022-01-16 12:50:00.268000-05:00,3278,1561379.0,244.0,total-1
2022-01-16 13:01:12.880000-05:00,3004,1561379.0,240.0,total-1
2022-01-16 13:31:04.774000-05:00,2583,1561379.0,217.0,total-1
2022-01-16 13:49:02.391000-05:00,2497,1561379.0,191.0,total-1
2022-01-16 14:02:09.890000-05:00,2395,1561379.0,190.0,total-1
2022-01-16 14:19:48.162000-05:00,2230,1561379.0,184.0,total-1
2022-01-16 14:25:17.059000-05:00,1990,1561379.0,181.0,total-1
2022-01-16 14:43:27.270000-05:00,1882,1561379.0,170.0,total-1
2022-01-16 15:02:20.397000-05:00,1856,1561379.0,161.0,total-1
2022-01-16 15:25:33.744000-05:00,1589,1561379.0,140.0,total-1
2022-01-16 15:38:08.242000-05:00,1608,1561379.0,135.0,total-1
2022-01-16 15:43:35.331000-05:00,1555,1561379.0,133.0,total-1
2022-01-16 16:01:48.750000-05:00,1455,1561379.0,127.0,total-1
2022-01-16 16:25:13.976000-05:00,1429,1561379.0,118.0,total-1
2022-01-16 16:31:42.072000-05:00,1434,1561379.0,122.0,total-1
2022-01-16 16:43:51.881000-05:00,1252,1561379.0,119.0,total-1
2022-01-16 17:01:49.344000-05:00,1245,1561379.0,106.0,total-1
2022-01-16 17:25:03.116000-05:00,898,1561379.0,93.0,total-1
2022-01-16 17:37:29.530000-05:00,679,1561379.0,87.0,total-1
2022-01-16 17:43:00.521000-05:00,655,1561379.0,82.0,total-1
2022-01-16 18:02:28.231000-05:00,616,1561379.0,76.0,total-1
2022-01-16 18:26:35.655000-05:00,620,1561379.0,71.0,total-1
2022-01-16 18:37:15.942000-05:00,615,1561379.0,70.0,total-1
2022-01-16 18:44:08.127000-05:00,627,1561379.0,69.0,total-1
2022-01-16 19:19:59.835000-05:00,1214,1561379.0,55.0,total-1
2022-01-16 20:37:55.667000-05:00,715,1561379.0,37.0,total-1
2022-01-16 21:24:56.462000-05:00,771,1561379.0,33.0,total-1
2022-01-16 21:50:06.649000-05:00,398,1561379.0,29.0,total-1
2022-01-16 22:07:59.624000-05:00,527,1561379.0,31.0,total-1
2022-01-16 22:25:59.191000-05:00,527,1561379.0,33.0,total-1
2022-01-16 22:49:08.315000-05:00,522,1561379.0,33.0,total-1
2022-01-16 23:06:59.981000-05:00,751,1561379.0,35.0,total-1
2022-01-16 23:37:44.443000-05:00,727,1561379.0,29.0,total-1
2022-01-16 23:55:39.629000-05:00,677,1561379.0,26.0,total-1
2022-01-17 00:13:40.941000-05:00,655,1561379.0,23.0,total-1
2022-01-17 00:31:38.435000-05:00,593,1561379.0,20.0,total-1
2022-01-17 00:43:48.478000-05:00,520,1561379.0,17.0,total-1
2022-01-17 01:07:27.599000-05:00,495,1561379.0,19.0,total-1
2022-01-17 01:32:06.574000-05:00,437,1561379.0,15.0,total-1
2022-01-17 01:48:56.735000-05:00,451,1561379.0,16.0,total-1
2022-01-17 02:01:33.957000-05:00,451,1561379.0,16.0,total-1
2022-01-17 02:25:59.198000-05:00,442,1561379.0,16.0,total-1
2022-01-17 02:33:12.360000-05:00,442,1561379.0,16.0,total-1
2022-01-17 02:44:13.610000-05:00,442,1561379.0,16.0,total-1
2022-01-17 03:07:30.261000-05:00,57,1561379.0,14.0,total-1
2022-01-17 03:31:33.590000-05:00,157,1561379.0,15.0,total-1
2022-01-17 03:48:56.961000-05:00,159,1561379.0,17.0,total-1
2022-01-17 04:01:33.659000-05:00,159,1561379.0,16.0,total-1
2022-01-17 04:26:02.802000-05:00,159,1561379.0,16.0,total-1
2022-01-17 04:37:20.950000-05:00,152,1561379.0,14.0,total-1
2022-01-17 04:49:37.758000-05:00,155,1561379.0,17.0,total-1
2022-01-17 05:01:59.006000-05:00,224,1561379.0,20.0,total-1
2022-01-17 05:25:19.844000-05:00,226,1561379.0,20.0,total-1
2022-01-17 05:49:50.842000-05:00,56,1561379.0,18.0,total-1
2022-01-17 06:02:29.911000-05:00,17,1561379.0,17.0,total-1
2022-01-17 06:18:57.246000-05:00,18,1562113.0,18.0,total-1
2022-01-17 06:31:32.684000-05:00,18,1562113.0,18.0,total-1
2022-01-17 06:43:33.979000-05:00,14,1562113.0,14.0,total-1
2022-01-17 07:07:23.565000-05:00,15,1562113.0,15.0,total-1
2022-01-17 07:43:30.939000-05:00,16,1562113.0,16.0,total-1
2022-01-17 08:13:59.861000-05:00,30,1562113.0,23.0,total-1
2022-01-17 08:37:23.621000-05:00,600,1562113.0,33.0,total-1
2022-01-17 08:43:04.800000-05:00,599,1562113.0,32.0,total-1
2022-01-17 09:02:06.127000-05:00,589,1562113.0,29.0,total-1
2022-01-17 09:25:30.743000-05:00,612,1562113.0,36.0,total-1
2022-01-17 09:31:01.043000-05:00,622,1562113.0,38.0,total-1
2022-01-17 09:43:40.279000-05:00,633,1562113.0,44.0,total-1
2022-01-17 10:01:40.705000-05:00,437,1562113.0,44.0,total-1
2022-01-17 10:24:55.033000-05:00,409,1562113.0,41.0,total-1
2022-01-17 10:49:35.327000-05:00,403,1562113.0,32.0,total-1
2022-01-17 11:02:01.291000-05:00,444,1562113.0,41.0,total-1
2022-01-17 11:43:35.856000-05:00,445,1562113.0,39.0,total-1
2022-01-17 12:13:41.999000-05:00,497,1562113.0,35.0,total-1
2022-01-17 12:43:09.393000-05:00,413,1562113.0,33.0,total-1
2022-01-17 12:50:00.357000-05:00,415,1562113.0,32.0,total-1
2022-01-17 13:01:06.321000-05:00,411,1562113.0,29.0,total-1
2022-01-17 13:32:11.044000-05:00,409,1562113.0,26.0,total-1
2022-01-17 13:49:01.678000-05:00,401,1562113.0,21.0,total-1
2022-01-17 14:01:40.134000-05:00,407,1562113.0,26.0,total-1
2022-01-17 14:19:25.144000-05:00,1114,1562113.0,26.0,total-1
2022-01-17 14:25:03.727000-05:00,1146,1562113.0,29.0,total-1
2022-01-17 14:42:54.988000-05:00,1127,1562113.0,30.0,total-1
2022-01-17 15:02:11.161000-05:00,483,1562113.0,35.0,total-1
2022-01-17 15:25:32.606000-05:00,116,1562113.0,34.0,total-1
2022-01-17 15:37:37.020000-05:00,110,1562113.0,31.0,total-1
2022-01-17 15:43:09.451000-05:00,77,1562113.0,30.0,total-1
2022-01-17 16:02:07.737000-05:00,44,1562113.0,23.0,total-1
2022-01-17 16:19:16.144000-05:00,77,1562113.0,25.0,total-1
2022-01-17 16:31:41.333000-05:00,77,1562113.0,25.0,total-1
2022-01-17 16:43:00.680000-05:00,79,1562113.0,27.0,total-1
2022-01-17 17:02:09.750000-05:00,74,1562113.0,22.0,total-1
2022-01-17 17:25:26.330000-05:00,76,1562113.0,21.0,total-1
2022-01-17 17:37:43.020000-05:00,76,1562113.0,20.0,total-1
2022-01-17 17:43:11.738000-05:00,75,1562113.0,19.0,total-1
2022-01-17 18:00:49.745000-05:00,71,1562113.0,21.0,total-1
2022-01-17 18:26:16.597000-05:00,114,1562113.0,21.0,total-1
2022-01-17 18:37:12.401000-05:00,115,1562113.0,22.0,total-1
2022-01-17 18:44:00.833000-05:00,145,1562113.0,22.0,total-1
2022-01-17 19:19:55.656000-05:00,147,1562113.0,22.0,total-1
2022-01-17 20:37:10.689000-05:00,121,1562113.0,22.0,total-1
2022-01-17 21:25:19.804000-05:00,107,1562113.0,18.0,total-1
2022-01-17 21:48:59.678000-05:00,124,1562113.0,23.0,total-1
2022-01-17 22:06:53.056000-05:00,133,1562113.0,21.0,total-1
2022-01-17 22:25:09.732000-05:00,75,1562113.0,22.0,total-1
2022-01-17 22:42:59.706000-05:00,122,1562113.0,25.0,total-1
2022-01-17 23:01:33.682000-05:00,75,1562113.0,20.0,total-1
2022-01-17 23:38:09.704000-05:00,86,1562113.0,16.0,total-1
2022-01-17 23:55:48.463000-05:00,88,1562113.0,17.0,total-1
2022-01-18 00:13:56.485000-05:00,54,1562113.0,15.0,total-1
2022-01-18 00:25:17.381000-05:00,69,1562113.0,17.0,total-1
2022-01-18 00:43:30.531000-05:00,61,1562113.0,12.0,total-1
2022-01-18 01:01:34.146000-05:00,61,1562113.0,12.0,total-1
2022-01-18 01:26:05.029000-05:00,93,1562113.0,13.0,total-1
2022-01-18 01:38:06.263000-05:00,91,1562113.0,12.0,total-1
2022-01-18 01:49:01.985000-05:00,81,1562113.0,12.0,total-1
2022-01-18 02:02:36.479000-05:00,67,1562113.0,11.0,total-1
2022-01-18 02:25:31.787000-05:00,65,1562113.0,9.0,total-1
2022-01-18 02:31:32.069000-05:00,69,1562113.0,10.0,total-1
2022-01-18 02:43:38.437000-05:00,70,1562113.0,11.0,total-1
2022-01-18 03:06:57.073000-05:00,101,1562113.0,14.0,total-1
2022-01-18 03:32:22.564000-05:00,93,1562113.0,11.0,total-1
2022-01-18 03:49:32.088000-05:00,91,1562113.0,9.0,total-1
2022-01-18 04:02:15.318000-05:00,85,1562113.0,7.0,total-1
2022-01-18 04:25:35.732000-05:00,50,1562113.0,8.0,total-1
2022-01-18 04:38:03.122000-05:00,53,1562113.0,10.0,total-1
2022-01-18 04:48:50.820000-05:00,57,1562113.0,11.0,total-1
2022-01-18 05:01:29.486000-05:00,62,1562113.0,12.0,total-1
2022-01-18 05:31:43.825000-05:00,81,1562113.0,8.0,total-1
2022-01-18 05:49:26.485000-05:00,81,1562113.0,8.0,total-1
2022-01-18 06:01:45.467000-05:00,82,1562113.0,9.0,total-1
2022-01-18 06:19:36.328000-05:00,174,1562113.0,8.0,total-1
2022-01-18 06:32:01.717000-05:00,174,1562113.0,8.0,total-1
2022-01-18 06:42:57.711000-05:00,175,1562113.0,9.0,total-1
2022-01-18 07:06:49.079000-05:00,184,1562113.0,10.0,total-1
2022-01-18 07:43:10.876000-05:00,197,1562113.0,14.0,total-1
2022-01-18 08:13:37.289000-05:00,1937,1562113.0,21.0,total-1
2022-01-18 08:37:10.879000-05:00,173,1562113.0,20.0,total-1
2022-01-18 08:44:13.692000-05:00,147,1562113.0,21.0,total-1
2022-01-18 09:02:09.978000-05:00,156,1562113.0,27.0,total-1
2022-01-18 09:25:27.850000-05:00,187,1562113.0,46.0,total-1
2022-01-18 09:31:38.578000-05:00,196,1562113.0,47.0,total-1
2022-01-18 09:42:53.704000-05:00,197,1562113.0,48.0,total-1
2022-01-18 10:02:17.035000-05:00,205,1562113.0,49.0,total-1
2022-01-18 10:25:50.994000-05:00,245,1562113.0,51.0,total-1
2022-01-18 10:49:54.133000-05:00,291,1562113.0,61.0,total-1
2022-01-18 11:07:51.679000-05:00,271,1562113.0,72.0,total-1
2022-01-18 11:45:27.774000-05:00,379,1562113.0,73.0,total-1
2022-01-18 12:13:26.120000-05:00,1051,1562113.0,66.0,total-1
2022-01-18 12:43:47.822000-05:00,449,1562113.0,66.0,total-1
2022-01-18 13:02:19.056000-05:00,379,1562113.0,55.0,total-1
2022-01-18 13:32:01.441000-05:00,175,1562113.0,46.0,total-1
2022-01-18 13:49:58.265000-05:00,267,1562113.0,53.0,total-1
2022-01-18 14:02:11.497000-05:00,270,1562113.0,50.0,total-1
2022-01-18 14:19:18.471000-05:00,257,1562113.0,50.0,total-1
2022-01-18 14:31:52.599000-05:00,320,1562113.0,50.0,total-1
2022-01-18 14:42:49.721000-05:00,434,1562113.0,53.0,total-1
2022-01-18 15:02:06.767000-05:00,330,1562113.0,53.0,total-1
2022-01-18 15:25:55.270000-05:00,170,1562113.0,45.0,total-1
2022-01-18 15:44:12.723000-05:00,203,1562113.0,46.0,total-1
2022-01-18 16:02:10.942000-05:00,160,1562113.0,40.0,total-1
2022-01-18 16:43:37.352000-05:00,102,1562113.0,40.0,total-1
2022-01-18 17:06:56.039000-05:00,115,1562113.0,33.0,total-1
2022-01-18 17:25:14.842000-05:00,294,1562113.0,34.0,total-1
2022-01-18 17:43:08.467000-05:00,297,1562113.0,30.0,total-1
2022-01-18 18:01:38.996000-05:00,278,1562113.0,25.0,total-1
2022-01-18 18:19:41.418000-05:00,299,1562113.0,28.0,total-1
2022-01-18 18:25:13.009000-05:00,278,1562113.0,26.0,total-1
2022-01-18 18:43:14.162000-05:00,277,1562113.0,26.0,total-1
2022-01-18 19:19:32.372000-05:00,221,1562113.0,17.0,total-1
2022-01-18 20:31:48.589000-05:00,280,1562113.0,18.0,total-1
2022-01-18 21:13:45.432000-05:00,266,1562113.0,18.0,total-1
2022-01-18 21:37:30.959000-05:00,276,1562113.0,21.0,total-1
2022-01-18 21:49:55.090000-05:00,229,1562113.0,17.0,total-1
2022-01-18 22:02:15.073000-05:00,229,1562113.0,17.0,total-1
2022-01-18 22:24:48.772000-05:00,1327,1562113.0,19.0,total-1
2022-01-18 22:31:52.953000-05:00,1327,1562113.0,19.0,total-1
2022-01-18 22:44:18.869000-05:00,1375,1562113.0,16.0,total-1
2022-01-18 23:00:55.589000-05:00,1305,1562113.0,18.0,total-1
2022-01-18 23:31:35.083000-05:00,1328,1562113.0,19.0,total-1
2022-01-18 23:49:05.124000-05:00,1330,1562113.0,20.0,total-1
2022-01-19 00:01:51.998000-05:00,1331,1562113.0,18.0,total-1
2022-01-19 00:19:58.891000-05:00,1335,1562113.0,19.0,total-1
2022-01-19 00:25:22.685000-05:00,1309,1562113.0,17.0,total-1
2022-01-19 00:43:39.266000-05:00,1242,1562113.0,13.0,total-1
2022-01-19 01:07:27.827000-05:00,73,1562113.0,9.0,total-1
2022-01-19 01:30:52.997000-05:00,67,1562113.0,8.0,total-1
2022-01-19 01:48:55.131000-05:00,55,1562113.0,8.0,total-1
2022-01-19 02:01:42.909000-05:00,56,1562113.0,9.0,total-1
2022-01-19 02:19:19.262000-05:00,65,1562113.0,7.0,total-1
2022-01-19 02:31:42.794000-05:00,64,1562113.0,6.0,total-1
2022-01-19 02:44:07.954000-05:00,64,1562113.0,6.0,total-1
2022-01-19 03:01:48.743000-05:00,30,1562113.0,5.0,total-1
2022-01-19 03:25:40.197000-05:00,23,1562113.0,6.0,total-1
2022-01-19 03:37:56.428000-05:00,22,1562113.0,5.0,total-1
2022-01-19 03:43:27.555000-05:00,256,1562113.0,5.0,total-1
2022-01-19 04:01:40.440000-05:00,128,1562113.0,5.0,total-1
2022-01-19 04:19:19.304000-05:00,128,1562113.0,4.0,total-1
2022-01-19 04:31:45.364000-05:00,115,1562113.0,4.0,total-1
2022-01-19 04:44:10.315000-05:00,115,1562113.0,4.0,total-1
2022-01-19 05:00:51.054000-05:00,115,1562113.0,4.0,total-1
2022-01-19 05:25:38.490000-05:00,115,1562113.0,4.0,total-1
2022-01-19 05:31:34.304000-05:00,115,1562113.0,4.0,total-1
2022-01-19 05:43:22.742000-05:00,115,1562113.0,4.0,total-1
2022-01-19 06:01:39.262000-05:00,115,1562113.0,4.0,total-1
2022-01-19 06:19:13.920000-05:00,114,1562113.0,3.0,total-1
2022-01-19 06:31:37.030000-05:00,114,1562112.0,3.0,total-1
2022-01-19 06:43:57.381000-05:00,115,1562112.0,4.0,total-1
2022-01-19 07:06:50.121000-05:00,115,1562112.0,4.0,total-1
2022-01-19 07:37:37.857000-05:00,242,1562112.0,4.0,total-1
2022-01-19 08:00:59.888000-05:00,6,1562112.0,3.0,total-1
2022-01-19 08:25:06.908000-05:00,7,1562112.0,4.0,total-1
2022-01-19 08:31:56.871000-05:00,14,1562112.0,8.0,total-1
2022-01-19 08:43:20.447000-05:00,15,1562112.0,9.0,total-1
2022-01-19 09:01:31.213000-05:00,98,1562112.0,12.0,total-1
2022-01-19 09:19:27.666000-05:00,119,1562112.0,19.0,total-1
2022-01-19 09:31:52.758000-05:00,118,1562112.0,20.0,total-1
2022-01-19 09:44:09.576000-05:00,196,1562112.0,25.0,total-1
2022-01-19 10:02:06.750000-05:00,244,1562112.0,38.0,total-1
2022-01-19 10:25:11.515000-05:00,405,1562112.0,49.0,total-1
2022-01-19 10:37:31.685000-05:00,432,1562112.0,54.0,total-1
2022-01-19 10:43:07.247000-05:00,420,1562112.0,53.0,total-1
2022-01-19 11:02:10.012000-05:00,441,1562112.0,52.0,total-1
2022-01-19 11:43:16.198000-05:00,439,1562112.0,51.0,total-1
2022-01-19 11:57:25.882000-05:00,359,1562112.0,50.0,total-1
2022-01-19 12:25:22.908000-05:00,567,1562112.0,48.0,total-1
2022-01-19 12:43:15.573000-05:00,233,1562112.0,44.0,total-1
2022-01-19 13:01:34.235000-05:00,222,1562112.0,48.0,total-1
2022-01-19 13:25:59.067000-05:00,193,1562112.0,45.0,total-1
2022-01-19 13:43:56.041000-05:00,201,1562112.0,57.0,total-1
2022-01-19 14:01:35.940000-05:00,198,1562112.0,58.0,total-1
2022-01-19 14:19:48.661000-05:00,113,1562112.0,56.0,total-1
2022-01-19 14:30:50.823000-05:00,133,1562112.0,53.0,total-1
2022-01-19 14:43:16.213000-05:00,133,1562112.0,51.0,total-1
2022-01-19 15:01:38.551000-05:00,243,1562112.0,43.0,total-1
2022-01-19 15:25:27.159000-05:00,280,1562112.0,51.0,total-1
2022-01-19 15:31:00.442000-05:00,293,1562112.0,49.0,total-1
2022-01-19 15:43:23.531000-05:00,286,1562112.0,48.0,total-1
2022-01-19 16:01:38.544000-05:00,336,1562112.0,44.0,total-1
2022-01-19 16:19:39.757000-05:00,319,1562112.0,34.0,total-1
2022-01-19 16:25:15.700000-05:00,191,1562112.0,30.0,total-1
2022-01-19 16:43:24.450000-05:00,187,1562112.0,32.0,total-1
2022-01-19 17:01:41.460000-05:00,146,1562112.0,30.0,total-1
2022-01-19 17:24:57.327000-05:00,155,1562112.0,32.0,total-1
2022-01-19 17:31:48.612000-05:00,150,1562112.0,30.0,total-1
2022-01-19 17:42:54.597000-05:00,142,1562112.0,25.0,total-1
2022-01-19 18:01:17.839000-05:00,351,1562112.0,28.0,total-1
2022-01-19 18:20:01.087000-05:00,226,1562112.0,23.0,total-1
2022-01-19 18:31:25.751000-05:00,35,1562112.0,18.0,total-1
2022-01-19 18:43:51.810000-05:00,37,1562112.0,20.0,total-1
2022-01-19 19:19:53.004000-05:00,29,1562112.0,16.0,total-1
2022-01-19 20:50:05.979000-05:00,172,1562112.0,18.0,total-1
2022-01-19 21:31:22.989000-05:00,210,1562112.0,25.0,total-1
2022-01-19 21:55:31.469000-05:00,62,1562112.0,23.0,total-1
2022-01-19 22:02:05.677000-05:00,62,1562112.0,23.0,total-1
2022-01-19 22:25:11.250000-05:00,65,1562112.0,24.0,total-1
2022-01-19 22:32:06.940000-05:00,73,1562112.0,25.0,total-1
2022-01-19 22:43:34.183000-05:00,69,1562112.0,27.0,total-1
2022-01-19 23:02:24.406000-05:00,52,1562112.0,24.0,total-1
2022-01-19 23:32:00.609000-05:00,46,1562112.0,21.0,total-1
2022-01-19 23:49:49.171000-05:00,74,1562112.0,24.0,total-1
2022-01-20 00:01:32.931000-05:00,72,1562112.0,24.0,total-1
2022-01-20 00:19:57.141000-05:00,56,1562112.0,21.0,total-1
2022-01-20 00:25:32.607000-05:00,87,1562112.0,20.0,total-1
2022-01-20 00:43:30.320000-05:00,109,1562112.0,24.0,total-1
2022-01-20 01:02:20.817000-05:00,111,1562112.0,25.0,total-1
2022-01-20 01:25:51.576000-05:00,111,1562112.0,25.0,total-1
2022-01-20 01:49:27.493000-05:00,110,1562112.0,24.0,total-1
2022-01-20 02:01:47.289000-05:00,167,1562112.0,26.0,total-1
2022-01-20 02:18:52.265000-05:00,247,1562112.0,28.0,total-1
2022-01-20 02:31:44.746000-05:00,254,1562112.0,30.0,total-1
2022-01-20 02:43:02.496000-05:00,256,1562112.0,32.0,total-1
2022-01-20 03:06:54.589000-05:00,256,1562112.0,32.0,total-1
2022-01-20 03:25:39.805000-05:00,238,1562112.0,28.0,total-1
2022-01-20 03:45:24.710000-05:00,323,1562112.0,27.0,total-1
2022-01-20 04:07:29.529000-05:00,239,1562112.0,27.0,total-1
2022-01-20 04:20:17.383000-05:00,238,1562112.0,26.0,total-1
2022-01-20 04:31:38.336000-05:00,240,1562112.0,28.0,total-1
2022-01-20 04:43:10.229000-05:00,239,1562112.0,26.0,total-1
2022-01-20 05:01:43.423000-05:00,183,1562112.0,26.0,total-1
2022-01-20 05:25:03.319000-05:00,180,1562112.0,24.0,total-1
2022-01-20 05:37:47.409000-05:00,156,1562112.0,23.0,total-1
2022-01-20 05:43:31.493000-05:00,156,1562112.0,23.0,total-1
2022-01-20 06:01:38.224000-05:00,196,1562112.0,22.0,total-1
2022-01-20 06:19:48.831000-05:00,196,1562112.0,24.0,total-1
2022-01-20 06:25:22.101000-05:00,187,1562138.0,22.0,total-1
2022-01-20 06:43:40.694000-05:00,186,1562138.0,18.0,total-1
2022-01-20 07:07:58.337000-05:00,640,1562138.0,25.0,total-1
2022-01-20 07:37:39.845000-05:00,884,1562138.0,29.0,total-1
2022-01-20 08:01:52.343000-05:00,850,1562138.0,28.0,total-1
2022-01-20 08:27:34.951000-05:00,495,1562138.0,32.0,total-1
2022-01-20 08:31:42.235000-05:00,446,1562138.0,31.0,total-1
2022-01-20 08:43:08.374000-05:00,374,1562138.0,32.0,total-1
2022-01-20 09:01:55.734000-05:00,320,1562138.0,36.0,total-1
2022-01-20 09:25:24.267000-05:00,247,1562138.0,35.0,total-1
2022-01-20 09:25:24.267000-05:00,247,1562138.0,35.0,total-1
2022-01-20 09:43:38.319000-05:00,206,1562138.0,27.0,total-1
2022-01-20 10:03:27.167000-05:00,140,1562138.0,29.0,total-1
2022-01-20 10:26:06.022000-05:00,131,1562138.0,31.0,total-1
2022-01-20 10:38:01.483000-05:00,139,1562138.0,37.0,total-1
2022-01-20 10:43:35.186000-05:00,141,1562138.0,36.0,total-1
2022-01-20 11:02:32.256000-05:00,202,1562138.0,38.0,total-1
2022-01-20 11:43:33.331000-05:00,201,1562138.0,40.0,total-1
2022-01-20 11:55:36.533000-05:00,199,1562138.0,43.0,total-1
2022-01-20 12:25:48.365000-05:00,95,1562138.0,43.0,total-1
2022-01-20 12:37:52.361000-05:00,93,1562138.0,41.0,total-1
2022-01-20 12:43:18.896000-05:00,96,1562138.0,44.0,total-1
2022-01-20 13:01:49.287000-05:00,102,1562138.0,50.0,total-1
2022-01-20 13:25:35.883000-05:00,392,1562138.0,51.0,total-1
2022-01-20 13:44:11.726000-05:00,379,1562138.0,47.0,total-1
2022-01-20 14:02:11.053000-05:00,380,1562138.0,42.0,total-1
2022-01-20 14:13:01.252000-05:00,411,1562138.0,46.0,total-1
2022-01-20 14:26:10.723000-05:00,1973,1562138.0,52.0,total-1
2022-01-20 14:43:39.392000-05:00,1976,1562138.0,53.0,total-1
2022-01-20 15:02:09.623000-05:00,1950,1562138.0,48.0,total-1
2022-01-20 15:25:52.225000-05:00,1663,1562138.0,38.0,total-1
2022-01-20 15:31:31.650000-05:00,322,1562138.0,39.0,total-1
2022-01-20 15:42:57.582000-05:00,321,1562138.0,38.0,total-1
2022-01-20 16:01:39.081000-05:00,307,1562138.0,35.0,total-1
2022-01-20 16:20:05.637000-05:00,281,1562138.0,32.0,total-1
2022-01-20 16:25:17.630000-05:00,282,1562138.0,33.0,total-1
2022-01-20 16:43:37.138000-05:00,263,1562138.0,25.0,total-1
2022-01-20 17:02:01.971000-05:00,204,1562138.0,21.0,total-1
2022-01-20 17:18:59.063000-05:00,394,1562138.0,23.0,total-1
2022-01-20 17:30:54.727000-05:00,423,1562138.0,28.0,total-1
2022-01-20 17:43:49.731000-05:00,357,1562138.0,26.0,total-1
2022-01-20 18:01:38.771000-05:00,354,1562138.0,23.0,total-1
2022-01-20 18:25:13.605000-05:00,360,1562138.0,21.0,total-1
2022-01-20 18:25:13.605000-05:00,360,1562138.0,21.0,total-1
2022-01-20 18:43:50.601000-05:00,229,1562138.0,19.0,total-1
2022-01-20 19:19:13.632000-05:00,716,1562138.0,22.0,total-1
2022-01-20 20:30:50.912000-05:00,440,1562138.0,20.0,total-1
2022-01-20 21:13:02.046000-05:00,1197,1562138.0,23.0,total-1
2022-01-20 21:43:27.399000-05:00,1195,1562138.0,24.0,total-1
2022-01-20 22:02:26.115000-05:00,1180,1562138.0,19.0,total-1
2022-01-20 22:19:23.952000-05:00,511,1562138.0,18.0,total-1
2022-01-20 22:31:36.294000-05:00,525,1562138.0,20.0,total-1
2022-01-20 22:43:05.482000-05:00,179,1562138.0,21.0,total-1
2022-01-20 23:02:32.905000-05:00,182,1562138.0,21.0,total-1
2022-01-20 23:31:57.547000-05:00,148,1562138.0,16.0,total-1
2022-01-20 23:50:00.041000-05:00,61,1562138.0,14.0,total-1
2022-01-21 00:02:00.189000-05:00,145,1562138.0,13.0,total-1
2022-01-21 00:19:07.886000-05:00,150,1562138.0,11.0,total-1
2022-01-21 00:25:36.116000-05:00,97,1562138.0,12.0,total-1
2022-01-21 00:43:48.024000-05:00,97,1562138.0,12.0,total-1
2022-01-21 01:00:49.954000-05:00,93,1562138.0,10.0,total-1
2022-01-21 01:26:03.214000-05:00,103,1562138.0,11.0,total-1
2022-01-21 01:49:49.634000-05:00,104,1562138.0,12.0,total-1
2022-01-21 02:01:44.477000-05:00,84,1562138.0,10.0,total-1
2022-01-21 02:19:19.424000-05:00,82,1562138.0,9.0,total-1
2022-01-21 02:25:50.023000-05:00,83,1562138.0,10.0,total-1
2022-01-21 02:42:58.293000-05:00,93,1562138.0,11.0,total-1
2022-01-21 03:06:54.343000-05:00,60,1562138.0,11.0,total-1
2022-01-21 03:25:20.949000-05:00,60,1562138.0,11.0,total-1
2022-01-21 03:43:48.393000-05:00,60,1562138.0,11.0,total-1
2022-01-21 04:00:52.302000-05:00,60,1562138.0,11.0,total-1
2022-01-21 04:25:14.789000-05:00,81,1562138.0,12.0,total-1
2022-01-21 04:31:51.976000-05:00,68,1562138.0,9.0,total-1
2022-01-21 04:43:57.092000-05:00,68,1562138.0,9.0,total-1
2022-01-21 05:00:56.711000-05:00,72,1562138.0,9.0,total-1
2022-01-21 05:24:51.119000-05:00,39,1562138.0,5.0,total-1
2022-01-21 05:31:29.194000-05:00,40,1562138.0,6.0,total-1
2022-01-21 05:43:13.447000-05:00,38,1562138.0,4.0,total-1
2022-01-21 06:02:08.184000-05:00,67,1562138.0,3.0,total-1
2022-01-21 06:18:57.803000-05:00,72,1562138.0,6.0,total-1
2022-01-21 06:32:03.658000-05:00,73,1562246.0,7.0,total-1
2022-01-21 06:43:43.336000-05:00,89,1562246.0,9.0,total-1
2022-01-21 07:07:00.130000-05:00,86,1562246.0,8.0,total-1
2022-01-21 07:36:57.351000-05:00,21,1562246.0,10.0,total-1
2022-01-21 07:55:20.636000-05:00,118,1562246.0,9.0,total-1
2022-01-21 08:26:28.343000-05:00,114,1562246.0,10.0,total-1
2022-01-21 08:32:23.773000-05:00,117,1562246.0,13.0,total-1
2022-01-21 08:42:50.894000-05:00,126,1562246.0,14.0,total-1
2022-01-21 09:02:02.687000-05:00,123,1562246.0,11.0,total-1
2022-01-21 09:20:01.554000-05:00,128,1562246.0,16.0,total-1
2022-01-21 09:25:12.669000-05:00,30,1562246.0,19.0,total-1
2022-01-21 09:43:27.840000-05:00,847,1562246.0,20.0,total-1
2022-01-21 10:02:12.126000-05:00,833,1562246.0,21.0,total-1
2022-01-21 10:26:05.674000-05:00,35,1562246.0,30.0,total-1
2022-01-21 10:38:03.436000-05:00,34,1562246.0,29.0,total-1
2022-01-21 10:43:10.525000-05:00,34,1562246.0,29.0,total-1
2022-01-21 11:06:53.144000-05:00,30,1562246.0,27.0,total-1
2022-01-21 11:37:21.826000-05:00,47,1562246.0,39.0,total-1
2022-01-21 11:55:32.172000-05:00,76,1562246.0,45.0,total-1
2022-01-21 12:26:06.967000-05:00,177,1562246.0,45.0,total-1
2022-01-21 12:38:03.778000-05:00,161,1562246.0,38.0,total-1
2022-01-21 12:43:13.130000-05:00,166,1562246.0,37.0,total-1
2022-01-21 13:06:55.465000-05:00,174,1562246.0,38.0,total-1
2022-01-21 13:25:27.816000-05:00,158,1562246.0,36.0,total-1
2022-01-21 13:37:03.928000-05:00,159,1562246.0,36.0,total-1
2022-01-21 13:43:28.548000-05:00,156,1562246.0,33.0,total-1
2022-01-21 14:02:05.836000-05:00,149,1562246.0,33.0,total-1
2022-01-21 14:19:28.434000-05:00,194,1562246.0,37.0,total-1
2022-01-21 14:24:50.437000-05:00,269,1562246.0,34.0,total-1
2022-01-21 14:43:15.421000-05:00,131,1562246.0,33.0,total-1
2022-01-21 15:01:50.168000-05:00,1395,1562246.0,39.0,total-1
2022-01-21 15:25:21.915000-05:00,921,1562246.0,31.0,total-1
2022-01-21 15:31:59.707000-05:00,941,1562246.0,31.0,total-1
2022-01-21 15:43:52.190000-05:00,110,1562246.0,27.0,total-1
2022-01-21 16:00:53.023000-05:00,39,1562246.0,26.0,total-1
2022-01-21 16:19:33.690000-05:00,28,1562246.0,16.0,total-1
2022-01-21 16:26:30.832000-05:00,22,1562246.0,10.0,total-1
2022-01-21 16:42:50.671000-05:00,34,1562246.0,14.0,total-1
2022-01-21 17:01:07.586000-05:00,38,1562246.0,12.0,total-1
2022-01-21 17:25:01.646000-05:00,57,1562246.0,15.0,total-1
2022-01-21 17:32:05.512000-05:00,58,1562246.0,16.0,total-1
2022-01-21 17:43:31.045000-05:00,34,1562246.0,12.0,total-1
2022-01-21 18:01:53.447000-05:00,17,1562246.0,13.0,total-1
2022-01-21 18:25:26.629000-05:00,13,1562246.0,9.0,total-1
2022-01-21 18:32:02.242000-05:00,10,1562246.0,9.0,total-1
2022-01-21 18:43:54.665000-05:00,7,1562246.0,7.0,total-1
2022-01-21 19:19:12.290000-05:00,116,1562246.0,10.0,total-1
2022-01-21 20:25:21.029000-05:00,224,1562246.0,9.0,total-1
2022-01-21 21:12:59.472000-05:00,106,1562246.0,8.0,total-1
2022-01-21 21:43:20.135000-05:00,108,1562246.0,8.0,total-1
2022-01-21 22:01:35.404000-05:00,107,1562246.0,7.0,total-1
2022-01-21 22:19:12.914000-05:00,115,1562246.0,9.0,total-1
2022-01-21 22:31:02.024000-05:00,117,1562246.0,9.0,total-1
2022-01-21 22:43:16.961000-05:00,117,1562246.0,9.0,total-1
2022-01-21 23:01:57.738000-05:00,108,1562246.0,5.0,total-1
2022-01-21 23:30:53.770000-05:00,327,1562246.0,9.0,total-1
2022-01-21 23:49:13.979000-05:00,327,1562246.0,9.0,total-1
2022-01-22 00:01:30.203000-05:00,271,1562246.0,7.0,total-1
2022-01-22 00:19:47.866000-05:00,271,1562246.0,7.0,total-1
2022-01-22 00:25:18.555000-05:00,273,1562246.0,9.0,total-1
2022-01-22 00:43:47.736000-05:00,271,1562246.0,7.0,total-1
2022-01-22 01:00:55.063000-05:00,271,1562246.0,7.0,total-1
2022-01-22 01:26:26.777000-05:00,120,1562246.0,8.0,total-1
2022-01-22 01:49:17.230000-05:00,105,1562246.0,7.0,total-1
2022-01-22 02:00:56.189000-05:00,105,1562246.0,7.0,total-1
2022-01-22 02:19:33.076000-05:00,135,1562246.0,8.0,total-1
2022-01-22 02:26:39.053000-05:00,136,1562246.0,9.0,total-1
2022-01-22 02:43:11.228000-05:00,94,1562246.0,8.0,total-1
2022-01-22 03:01:34.893000-05:00,159,1562246.0,10.0,total-1
2022-01-22 03:24:58.707000-05:00,171,1562246.0,9.0,total-1
2022-01-22 03:36:56.416000-05:00,107,1562246.0,9.0,total-1
2022-01-22 03:36:56.416000-05:00,107,1562246.0,9.0,total-1
2022-01-22 04:01:39.295000-05:00,200,1562246.0,10.0,total-1
2022-01-22 04:19:03.033000-05:00,110,1562246.0,10.0,total-1
2022-01-22 04:30:54.277000-05:00,111,1562246.0,11.0,total-1
2022-01-22 04:44:00.958000-05:00,111,1562246.0,11.0,total-1
2022-01-22 05:02:28.671000-05:00,112,1562246.0,12.0,total-1
2022-01-22 05:25:18.690000-05:00,112,1562246.0,12.0,total-1
2022-01-22 05:32:08.699000-05:00,112,1562246.0,12.0,total-1
2022-01-22 05:43:52.924000-05:00,125,1562246.0,12.0,total-1
2022-01-22 06:02:40.536000-05:00,75,1562246.0,10.0,total-1
2022-01-22 06:19:27.591000-05:00,164,1562246.0,10.0,total-1
2022-01-22 06:25:53.160000-05:00,167,1562302.0,10.0,total-1
2022-01-22 06:43:01.101000-05:00,98,1562302.0,11.0,total-1
2022-01-22 07:07:18.618000-05:00,74,1562302.0,10.0,total-1
2022-01-22 07:37:46.475000-05:00,73,1562302.0,9.0,total-1
2022-01-22 07:55:07.722000-05:00,54,1562302.0,10.0,total-1
2022-01-22 08:07:14.452000-05:00,230,1562302.0,12.0,total-1
2022-01-22 08:25:52.637000-05:00,143,1562302.0,15.0,total-1
2022-01-22 08:31:05.951000-05:00,134,1562302.0,15.0,total-1
2022-01-22 08:44:02.016000-05:00,107,1562302.0,14.0,total-1
2022-01-22 09:00:54.915000-05:00,95,1562302.0,15.0,total-1
2022-01-22 09:19:40.631000-05:00,103,1562302.0,21.0,total-1
2022-01-22 09:31:39.272000-05:00,99,1562302.0,20.0,total-1
2022-01-22 09:43:03.289000-05:00,99,1562302.0,20.0,total-1
2022-01-22 10:01:31.851000-05:00,103,1562302.0,21.0,total-1
2022-01-22 10:25:17.599000-05:00,102,1562302.0,18.0,total-1
2022-01-22 10:31:59.381000-05:00,152,1562302.0,21.0,total-1
2022-01-22 10:44:02.604000-05:00,129,1562302.0,20.0,total-1
2022-01-22 11:06:54.060000-05:00,195,1562302.0,20.0,total-1
2022-01-22 11:37:03.650000-05:00,160,1562302.0,18.0,total-1
2022-01-22 11:55:08.237000-05:00,135,1562302.0,23.0,total-1
2022-01-22 12:13:43.639000-05:00,81,1562302.0,23.0,total-1
2022-01-22 12:25:42.299000-05:00,74,1562302.0,17.0,total-1
2022-01-22 12:44:05.726000-05:00,115,1562302.0,20.0,total-1
2022-01-22 13:02:28.439000-05:00,127,1562302.0,19.0,total-1
2022-01-22 13:25:06.437000-05:00,62,1562302.0,19.0,total-1
2022-01-22 13:37:05.155000-05:00,63,1562302.0,20.0,total-1
2022-01-22 13:43:30.419000-05:00,119,1562302.0,19.0,total-1
2022-01-22 14:02:30.545000-05:00,152,1562302.0,20.0,total-1
2022-01-22 14:13:52.221000-05:00,156,1562302.0,24.0,total-1
2022-01-22 14:25:38.227000-05:00,155,1562302.0,23.0,total-1
2022-01-22 14:43:48.055000-05:00,151,1562302.0,22.0,total-1
2022-01-22 15:01:57.467000-05:00,152,1562302.0,23.0,total-1
2022-01-22 15:25:45.140000-05:00,82,1562302.0,20.0,total-1
2022-01-22 15:30:53.100000-05:00,80,1562302.0,18.0,total-1
2022-01-22 15:44:00.448000-05:00,47,1562302.0,16.0,total-1
2022-01-22 16:01:01.214000-05:00,264,1562302.0,16.0,total-1
2022-01-22 16:19:49.540000-05:00,271,1562302.0,15.0,total-1
2022-01-22 16:25:12.438000-05:00,446,1562302.0,15.0,total-1
2022-01-22 16:43:56.676000-05:00,479,1562302.0,13.0,total-1
2022-01-22 17:00:59.450000-05:00,401,1562302.0,11.0,total-1
2022-01-22 17:19:14.553000-05:00,364,1562302.0,9.0,total-1
2022-01-22 17:31:30.876000-05:00,364,1562302.0,9.0,total-1
2022-01-22 17:42:54.973000-05:00,352,1562302.0,11.0,total-1
2022-01-22 18:01:35.774000-05:00,353,1562302.0,12.0,total-1
2022-01-22 18:19:46.260000-05:00,176,1562302.0,14.0,total-1
2022-01-22 18:31:31.623000-05:00,176,1562302.0,14.0,total-1
2022-01-22 18:43:12.614000-05:00,174,1562302.0,12.0,total-1
2022-01-22 19:20:04.222000-05:00,646,1562302.0,17.0,total-1
2022-01-22 20:31:31.074000-05:00,510,1562302.0,13.0,total-1
2022-01-22 21:13:01.919000-05:00,487,1562302.0,10.0,total-1
2022-01-22 21:37:55.455000-05:00,128,1562302.0,9.0,total-1
2022-01-22 21:49:31.006000-05:00,128,1562302.0,9.0,total-1
2022-01-22 22:02:00.293000-05:00,137,1562302.0,10.0,total-1
2022-01-22 22:24:49.736000-05:00,139,1562302.0,9.0,total-1
2022-01-22 22:31:36.089000-05:00,142,1562302.0,12.0,total-1
2022-01-22 22:43:16.908000-05:00,142,1562302.0,12.0,total-1
2022-01-22 23:01:34.348000-05:00,140,1562302.0,10.0,total-1
2022-01-22 23:31:34.738000-05:00,22,1562302.0,11.0,total-1
2022-01-22 23:49:50.524000-05:00,29,1562302.0,12.0,total-1
2022-01-23 00:01:31.777000-05:00,26,1562302.0,13.0,total-1
2022-01-23 00:20:00.831000-05:00,522,1562302.0,17.0,total-1
2022-01-23 00:25:17.048000-05:00,539,1562302.0,17.0,total-1
2022-01-23 00:43:56.234000-05:00,553,1562302.0,18.0,total-1
2022-01-23 01:07:39.760000-05:00,356,1562302.0,19.0,total-1
2022-01-23 01:25:54.222000-05:00,370,1562302.0,19.0,total-1
2022-01-23 01:43:14.815000-05:00,373,1562302.0,22.0,total-1
2022-01-23 02:01:30.496000-05:00,129,1562302.0,16.0,total-1
2022-01-23 02:19:08.434000-05:00,200,1562302.0,19.0,total-1
2022-01-23 02:30:55.559000-05:00,242,1562302.0,21.0,total-1
2022-01-23 02:42:54.006000-05:00,523,1562302.0,21.0,total-1
2022-01-23 03:01:22.516000-05:00,585,1562302.0,23.0,total-1
2022-01-23 03:25:10.383000-05:00,336,1562302.0,20.0,total-1
2022-01-23 03:36:51.782000-05:00,448,1562302.0,23.0,total-1
2022-01-23 03:43:46.560000-05:00,476,1562302.0,23.0,total-1
2022-01-23 04:01:55.108000-05:00,493,1562302.0,23.0,total-1
2022-01-23 04:19:11.749000-05:00,461,1562302.0,22.0,total-1
2022-01-23 04:31:36.256000-05:00,461,1562302.0,22.0,total-1
2022-01-23 04:42:49.526000-05:00,406,1562302.0,21.0,total-1
2022-01-23 05:01:36.137000-05:00,326,1562302.0,19.0,total-1
2022-01-23 05:24:51.515000-05:00,327,1562302.0,20.0,total-1
2022-01-23 05:31:31.533000-05:00,327,1562302.0,20.0,total-1
2022-01-23 05:43:21.841000-05:00,329,1562302.0,21.0,total-1
2022-01-23 06:01:35.676000-05:00,169,1562302.0,19.0,total-1
2022-01-23 06:18:52.050000-05:00,1207,1562302.0,28.0,total-1
2022-01-23 06:25:26.267000-05:00,1179,1562302.0,25.0,total-1
2022-01-23 06:43:49.056000-05:00,1202,1562302.0,27.0,total-1
2022-01-23 07:02:06.475000-05:00,1639,1562302.0,26.0,total-1
2022-01-23 07:37:56.085000-05:00,632,1562302.0,28.0,total-1
2022-01-23 07:55:12.746000-05:00,1834,1562302.0,22.0,total-1
2022-01-23 08:13:53.943000-05:00,1612,1562302.0,25.0,total-1
2022-01-23 08:31:04.724000-05:00,1280,1562302.0,26.0,total-1
2022-01-23 08:43:01.366000-05:00,1280,1562302.0,27.0,total-1
2022-01-23 09:01:42.191000-05:00,1258,1562302.0,27.0,total-1
2022-01-23 09:19:58.837000-05:00,1049,1562302.0,29.0,total-1
2022-01-23 09:25:28.763000-05:00,1119,1562302.0,32.0,total-1
2022-01-23 09:43:51.039000-05:00,819,1562302.0,33.0,total-1
2022-01-23 10:01:00.860000-05:00,914,1562302.0,28.0,total-1
2022-01-23 10:24:51.114000-05:00,607,1562302.0,27.0,total-1
2022-01-23 10:38:08.425000-05:00,563,1562302.0,27.0,total-1
2022-01-23 10:43:33.482000-05:00,574,1562302.0,34.0,total-1
2022-01-23 11:02:06.468000-05:00,572,1562302.0,43.0,total-1
2022-01-23 11:37:42.677000-05:00,711,1562302.0,31.0,total-1
2022-01-23 11:54:56.190000-05:00,310,1562302.0,29.0,total-1
2022-01-23 12:13:26.067000-05:00,295,1562302.0,27.0,total-1
2022-01-23 12:32:00.559000-05:00,225,1562302.0,21.0,total-1
2022-01-23 12:43:46.023000-05:00,229,1562302.0,23.0,total-1
2022-01-23 13:00:57.669000-05:00,40,1562302.0,19.0,total-1
2022-01-23 13:25:50.777000-05:00,28,1562302.0,16.0,total-1
2022-01-23 13:37:47.005000-05:00,42,1562302.0,16.0,total-1
2022-01-23 13:43:11.415000-05:00,42,1562302.0,16.0,total-1
2022-01-23 14:01:37.584000-05:00,47,1562302.0,19.0,total-1
2022-01-23 14:13:45.043000-05:00,44,1562302.0,16.0,total-1
2022-01-23 14:30:51.815000-05:00,34,1562302.0,13.0,total-1
2022-01-23 14:43:49.174000-05:00,36,1562302.0,14.0,total-1
2022-01-23 15:01:58.888000-05:00,71,1562302.0,18.0,total-1
2022-01-23 15:25:36.431000-05:00,86,1562302.0,16.0,total-1
2022-01-23 15:31:29.580000-05:00,84,1562302.0,14.0,total-1
2022-01-23 15:43:01.542000-05:00,84,1562302.0,14.0,total-1
2022-01-23 16:01:36.929000-05:00,57,1562302.0,12.0,total-1
2022-01-23 16:19:47.224000-05:00,36,1562302.0,9.0,total-1
2022-01-23 16:31:33.675000-05:00,35,1562302.0,8.0,total-1
2022-01-23 16:43:27.357000-05:00,36,1562302.0,9.0,total-1
2022-01-23 17:01:54.805000-05:00,28,1562302.0,7.0,total-1
2022-01-23 17:25:37.475000-05:00,77,1562302.0,11.0,total-1
2022-01-23 17:30:57.355000-05:00,75,1562302.0,9.0,total-1
2022-01-23 17:44:10.434000-05:00,75,1562302.0,9.0,total-1
2022-01-23 18:01:03.740000-05:00,74,1562302.0,11.0,total-1
2022-01-23 18:19:50.962000-05:00,53,1562302.0,11.0,total-1
2022-01-23 18:31:34.775000-05:00,55,1562302.0,13.0,total-1
2022-01-23 18:43:33.828000-05:00,54,1562302.0,13.0,total-1
2022-01-23 19:19:08.979000-05:00,51,1562302.0,11.0,total-1
2022-01-23 20:37:09.971000-05:00,33,1562302.0,16.0,total-1
2022-01-23 21:24:50.378000-05:00,40,1562302.0,13.0,total-1
2022-01-23 21:49:57.618000-05:00,43,1562302.0,14.0,total-1
2022-01-23 22:07:16.340000-05:00,44,1562302.0,12.0,total-1
2022-01-23 22:25:48.955000-05:00,42,1562302.0,12.0,total-1
2022-01-23 22:37:42.922000-05:00,41,1562302.0,11.0,total-1
2022-01-23 22:42:54.280000-05:00,41,1562302.0,11.0,total-1
2022-01-23 23:01:38.298000-05:00,33,1562302.0,9.0,total-1
2022-01-23 23:31:55.157000-05:00,25,1562302.0,7.0,total-1
2022-01-23 23:49:02.232000-05:00,25,1562302.0,7.0,total-1
2022-01-24 00:01:01.445000-05:00,60,1562302.0,11.0,total-1
2022-01-24 00:19:34.687000-05:00,60,1562302.0,11.0,total-1
2022-01-24 00:31:33.572000-05:00,61,1562302.0,12.0,total-1
2022-01-24 00:43:12.212000-05:00,154,1562302.0,12.0,total-1
2022-01-24 01:07:06.523000-05:00,175,1562302.0,14.0,total-1
2022-01-24 01:30:55.746000-05:00,178,1562302.0,14.0,total-1
2022-01-24 01:49:27.441000-05:00,222,1562302.0,16.0,total-1
2022-01-24 02:13:15.742000-05:00,221,1562302.0,14.0,total-1
2022-01-24 02:25:08.463000-05:00,178,1562302.0,13.0,total-1
2022-01-24 02:43:33.774000-05:00,177,1562302.0,12.0,total-1
2022-01-24 03:07:35.870000-05:00,51,1562302.0,11.0,total-1
2022-01-24 03:25:56.299000-05:00,34,1562302.0,13.0,total-1
2022-01-24 03:43:13.242000-05:00,106,1562302.0,13.0,total-1
2022-01-24 04:02:03.334000-05:00,107,1562302.0,14.0,total-1
2022-01-24 04:19:12.197000-05:00,106,1562302.0,13.0,total-1
2022-01-24 04:31:09.263000-05:00,100,1562302.0,11.0,total-1
2022-01-24 04:43:13.964000-05:00,102,1562302.0,12.0,total-1
2022-01-24 05:01:40.455000-05:00,104,1562302.0,12.0,total-1
2022-01-24 05:25:23.353000-05:00,402,1562302.0,12.0,total-1
2022-01-24 05:37:21.048000-05:00,402,1562302.0,12.0,total-1
2022-01-24 05:43:52.036000-05:00,403,1562302.0,13.0,total-1
2022-01-24 06:01:04.544000-05:00,153,1562302.0,13.0,total-1
2022-01-24 06:19:50.060000-05:00,431,1562302.0,13.0,total-1
2022-01-24 06:31:44.013000-05:00,433,1561669.0,14.0,total-1
2022-01-24 06:43:40.169000-05:00,434,1561669.0,15.0,total-1
2022-01-24 07:02:08.113000-05:00,428,1561669.0,13.0,total-1
2022-01-24 07:37:59.719000-05:00,527,1561669.0,18.0,total-1
2022-01-24 08:01:48.771000-05:00,521,1561669.0,16.0,total-1
2022-01-24 08:25:50.520000-05:00,520,1561669.0,15.0,total-1
2022-01-24 08:30:58.050000-05:00,520,1561669.0,15.0,total-1
2022-01-24 08:42:57.115000-05:00,433,1561669.0,16.0,total-1
2022-01-24 09:01:33.324000-05:00,184,1561669.0,21.0,total-1
2022-01-24 09:25:54.197000-05:00,489,1561669.0,35.0,total-1
2022-01-24 09:31:41.570000-05:00,489,1561669.0,35.0,total-1
2022-01-24 09:43:25.642000-05:00,481,1561669.0,40.0,total-1
2022-01-24 10:02:15.053000-05:00,487,1561669.0,51.0,total-1
2022-01-24 10:25:59.660000-05:00,676,1561669.0,55.0,total-1
2022-01-24 10:37:59.586000-05:00,679,1561669.0,54.0,total-1
2022-01-24 10:43:13.263000-05:00,733,1561669.0,55.0,total-1
2022-01-24 11:07:18.374000-05:00,789,1561669.0,51.0,total-1
2022-01-24 11:37:42.965000-05:00,428,1561669.0,44.0,total-1
2022-01-24 12:01:41.883000-05:00,404,1561669.0,37.0,total-1
2022-01-24 12:30:57.146000-05:00,685,1561669.0,48.0,total-1
2022-01-24 12:43:12.862000-05:00,674,1561669.0,45.0,total-1
2022-01-24 13:01:46.457000-05:00,396,1561669.0,43.0,total-1
2022-01-24 13:25:47.879000-05:00,393,1561669.0,47.0,total-1
2022-01-24 13:37:38.290000-05:00,392,1561669.0,46.0,total-1
2022-01-24 13:44:11.316000-05:00,389,1561669.0,43.0,total-1
2022-01-24 14:01:44.862000-05:00,389,1561669.0,42.0,total-1
2022-01-24 14:20:23.249000-05:00,538,1561669.0,40.0,total-1
2022-01-24 14:32:04.144000-05:00,531,1561669.0,35.0,total-1
2022-01-24 14:44:02.010000-05:00,535,1561669.0,37.0,total-1
2022-01-24 15:01:09.980000-05:00,499,1561669.0,35.0,total-1
2022-01-24 15:25:14.486000-05:00,504,1561669.0,39.0,total-1
2022-01-24 15:31:46.096000-05:00,503,1561669.0,39.0,total-1
2022-01-24 15:43:45.118000-05:00,500,1561669.0,41.0,total-1
2022-01-24 16:01:12.026000-05:00,542,1561669.0,38.0,total-1
2022-01-24 16:19:46.291000-05:00,497,1561669.0,35.0,total-1
2022-01-24 16:25:18.883000-05:00,491,1561669.0,35.0,total-1
2022-01-24 16:43:17.228000-05:00,378,1561669.0,34.0,total-1
2022-01-24 17:01:38.202000-05:00,154,1561669.0,27.0,total-1
2022-01-24 17:25:33.696000-05:00,183,1561669.0,31.0,total-1
2022-01-24 17:32:05.464000-05:00,207,1561669.0,30.0,total-1
2022-01-24 17:43:54.890000-05:00,203,1561669.0,26.0,total-1
2022-01-24 18:01:00.568000-05:00,215,1561669.0,23.0,total-1
2022-01-24 18:25:13.278000-05:00,165,1561669.0,18.0,total-1
2022-01-24 18:31:37.955000-05:00,165,1561669.0,18.0,total-1
2022-01-24 18:43:39.257000-05:00,165,1561669.0,18.0,total-1
2022-01-24 19:18:49.506000-05:00,160,1561669.0,13.0,total-1
2022-01-24 20:37:19.351000-05:00,190,1561669.0,13.0,total-1
2022-01-24 21:19:23.907000-05:00,160,1561669.0,8.0,total-1
2022-01-24 21:43:12.090000-05:00,6,1561669.0,6.0,total-1
2022-01-24 22:01:36.385000-05:00,7,1561669.0,7.0,total-1
2022-01-24 22:25:35.291000-05:00,6,1561669.0,6.0,total-1
2022-01-24 22:32:03.555000-05:00,5,1561669.0,5.0,total-1
2022-01-24 22:43:53.081000-05:00,8,1561669.0,5.0,total-1
2022-01-24 23:00:55.926000-05:00,21,1561669.0,6.0,total-1
2022-01-24 23:31:28.427000-05:00,35,1561669.0,6.0,total-1
2022-01-24 23:49:39.670000-05:00,35,1561669.0,6.0,total-1
2022-01-25 00:01:42.436000-05:00,31,1561669.0,5.0,total-1
2022-01-25 00:18:52.278000-05:00,4,1561669.0,3.0,total-1
2022-01-25 00:25:46.649000-05:00,4,1561669.0,3.0,total-1
2022-01-25 00:42:52.635000-05:00,4,1561669.0,3.0,total-1
2022-01-25 01:02:04.417000-05:00,4,1561669.0,4.0,total-1
2022-01-25 01:24:59.907000-05:00,4,1561669.0,3.0,total-1
2022-01-25 01:43:22.468000-05:00,4,1561669.0,3.0,total-1
2022-01-25 02:01:36.584000-05:00,4,1561669.0,3.0,total-1
2022-01-25 02:19:03.828000-05:00,4,1561669.0,3.0,total-1
2022-01-25 02:31:25.370000-05:00,4,1561669.0,4.0,total-1
2022-01-25 02:42:54.488000-05:00,5,1561669.0,5.0,total-1
2022-01-25 03:02:07.073000-05:00,6,1561669.0,6.0,total-1
2022-01-25 03:25:11.541000-05:00,4,1561669.0,4.0,total-1
2022-01-25 03:43:38.546000-05:00,5,1561669.0,5.0,total-1
2022-01-25 04:02:11.237000-05:00,79,1561669.0,6.0,total-1
2022-01-25 04:26:00.117000-05:00,82,1561669.0,9.0,total-1
2022-01-25 04:31:31.533000-05:00,82,1561669.0,9.0,total-1
2022-01-25 04:43:06.465000-05:00,115,1561669.0,9.0,total-1
2022-01-25 05:01:37.359000-05:00,113,1561669.0,7.0,total-1
2022-01-25 05:25:20.299000-05:00,44,1561669.0,9.0,total-1
2022-01-25 05:36:55.934000-05:00,49,1561669.0,9.0,total-1
2022-01-25 05:43:44.542000-05:00,49,1561669.0,9.0,total-1
2022-01-25 06:02:07.799000-05:00,51,1561669.0,9.0,total-1
2022-01-25 06:19:22.074000-05:00,19,1561669.0,9.0,total-1
2022-01-25 06:26:42.903000-05:00,19,1561712.0,9.0,total-1
2022-01-25 06:43:17.332000-05:00,12,1561712.0,9.0,total-1
2022-01-25 07:07:16.361000-05:00,12,1561712.0,9.0,total-1
2022-01-25 07:37:06.704000-05:00,13,1561712.0,10.0,total-1
2022-01-25 08:00:54.837000-05:00,24,1561712.0,11.0,total-1
2022-01-25 08:26:18.547000-05:00,23,1561712.0,10.0,total-1
2022-01-25 08:31:36.841000-05:00,51,1561712.0,15.0,total-1
2022-01-25 08:43:27.726000-05:00,309,1561712.0,18.0,total-1
2022-01-25 09:01:43.741000-05:00,245,1561712.0,15.0,total-1
2022-01-25 09:25:34.883000-05:00,251,1561712.0,16.0,total-1
2022-01-25 09:30:52.581000-05:00,253,1561712.0,18.0,total-1
2022-01-25 09:44:09.875000-05:00,265,1561712.0,23.0,total-1
2022-01-25 10:02:07.422000-05:00,308,1561712.0,33.0,total-1
2022-01-25 10:25:00.837000-05:00,322,1561712.0,41.0,total-1
2022-01-25 10:37:05.247000-05:00,316,1561712.0,43.0,total-1
2022-01-25 10:43:49.145000-05:00,318,1561712.0,45.0,total-1
2022-01-25 11:07:25.876000-05:00,384,1561712.0,58.0,total-1
2022-01-25 11:43:16.873000-05:00,216,1561712.0,55.0,total-1
2022-01-25 11:54:55.516000-05:00,186,1561712.0,51.0,total-1
2022-01-25 12:25:40.414000-05:00,170,1561712.0,45.0,total-1
2022-01-25 12:37:39.528000-05:00,169,1561712.0,44.0,total-1
2022-01-25 12:43:04.958000-05:00,176,1561712.0,46.0,total-1
2022-01-25 13:01:33.598000-05:00,167,1561712.0,41.0,total-1
2022-01-25 13:26:29.160000-05:00,170,1561712.0,41.0,total-1
2022-01-25 13:43:22.410000-05:00,907,1561712.0,49.0,total-1
2022-01-25 14:01:52.350000-05:00,927,1561712.0,53.0,total-1
2022-01-25 14:19:10.424000-05:00,865,1561712.0,41.0,total-1
2022-01-25 14:31:10.372000-05:00,885,1561712.0,43.0,total-1
2022-01-25 14:43:07.375000-05:00,874,1561712.0,39.0,total-1
2022-01-25 15:01:37.555000-05:00,727,1561712.0,40.0,total-1
2022-01-25 15:25:09.894000-05:00,818,1561712.0,36.0,total-1
2022-01-25 15:31:37.873000-05:00,825,1561712.0,38.0,total-1
2022-01-25 15:43:20.109000-05:00,186,1561712.0,34.0,total-1
2022-01-25 16:01:49.637000-05:00,179,1561712.0,30.0,total-1
2022-01-25 16:19:12.317000-05:00,199,1561712.0,32.0,total-1
2022-01-25 16:31:39.999000-05:00,294,1561712.0,28.0,total-1
2022-01-25 16:44:05.610000-05:00,266,1561712.0,27.0,total-1
2022-01-25 17:01:46.505000-05:00,201,1561712.0,32.0,total-1
2022-01-25 17:25:02.963000-05:00,57,1561712.0,20.0,total-1
2022-01-25 17:31:49.753000-05:00,54,1561712.0,17.0,total-1
2022-01-25 17:43:26.138000-05:00,48,1561712.0,17.0,total-1
2022-01-25 18:00:51.346000-05:00,22,1561712.0,13.0,total-1
2022-01-25 18:25:49.643000-05:00,18,1561712.0,11.0,total-1
2022-01-25 18:31:01.479000-05:00,14,1561712.0,10.0,total-1
2022-01-25 18:44:12.489000-05:00,12,1561712.0,8.0,total-1
2022-01-25 19:19:43.231000-05:00,14,1561712.0,10.0,total-1
2022-01-25 20:39:14.381000-05:00,21,1561712.0,6.0,total-1
2022-01-25 21:19:06-05:00,22,1561712.0,7.0,total-1
2022-01-25 21:43:54.161000-05:00,29,1561712.0,10.0,total-1
2022-01-25 22:01:32.958000-05:00,27,1561712.0,8.0,total-1
2022-01-25 22:25:00.173000-05:00,28,1561712.0,9.0,total-1
2022-01-25 22:31:50.747000-05:00,29,1561712.0,10.0,total-1
2022-01-25 22:43:31.256000-05:00,27,1561712.0,8.0,total-1
2022-01-25 23:02:02.490000-05:00,26,1561712.0,7.0,total-1
2022-01-25 23:31:30.852000-05:00,11,1561712.0,6.0,total-1
2022-01-25 23:49:36.051000-05:00,10,1561712.0,5.0,total-1
2022-01-26 00:02:06.169000-05:00,11,1561712.0,6.0,total-1
2022-01-26 00:20:04.366000-05:00,8,1561712.0,4.0,total-1
2022-01-26 00:25:23.031000-05:00,8,1561712.0,4.0,total-1
2022-01-26 00:44:02.059000-05:00,7,1561712.0,3.0,total-1
2022-01-26 01:07:45.466000-05:00,7,1561712.0,3.0,total-1
2022-01-26 01:25:53.022000-05:00,7,1561712.0,3.0,total-1
2022-01-26 01:49:44.695000-05:00,10,1561712.0,6.0,total-1
2022-01-26 02:01:34.368000-05:00,4,1561712.0,4.0,total-1
2022-01-26 02:20:08.415000-05:00,4,1561712.0,4.0,total-1
2022-01-26 02:25:16.321000-05:00,5,1561712.0,5.0,total-1
2022-01-26 02:43:39.743000-05:00,7,1561712.0,7.0,total-1
2022-01-26 03:00:58.975000-05:00,5,1561712.0,5.0,total-1
2022-01-26 03:26:26.178000-05:00,16,1561712.0,8.0,total-1
2022-01-26 03:38:08.387000-05:00,16,1561712.0,8.0,total-1
2022-01-26 03:43:16.733000-05:00,16,1561712.0,8.0,total-1
2022-01-26 04:02:15.356000-05:00,7,1561712.0,7.0,total-1
2022-01-26 04:25:36.743000-05:00,10,1561712.0,10.0,total-1
2022-01-26 04:30:50.126000-05:00,10,1561712.0,10.0,total-1
2022-01-26 04:43:57.727000-05:00,10,1561712.0,10.0,total-1
2022-01-26 05:01:11.005000-05:00,9,1561712.0,9.0,total-1
2022-01-26 05:25:00.565000-05:00,17,1561712.0,9.0,total-1
2022-01-26 05:36:59.223000-05:00,10,1561712.0,10.0,total-1
2022-01-26 05:43:25.164000-05:00,9,1561712.0,9.0,total-1
2022-01-26 06:01:57.652000-05:00,7,1561712.0,7.0,total-1
2022-01-26 06:19:10.954000-05:00,9,1561712.0,8.0,total-1
2022-01-26 06:30:50.447000-05:00,9,1562208.0,8.0,total-1
2022-01-26 06:44:07.674000-05:00,8,1562208.0,7.0,total-1
2022-01-26 07:07:12.272000-05:00,14,1562208.0,7.0,total-1
2022-01-26 07:37:00.935000-05:00,14,1562208.0,7.0,total-1
2022-01-26 07:55:34.769000-05:00,13,1562208.0,6.0,total-1
2022-01-26 08:13:01.959000-05:00,13,1562208.0,6.0,total-1
2022-01-26 08:31:41.342000-05:00,14,1562208.0,7.0,total-1
2022-01-26 08:43:19.139000-05:00,17,1562208.0,10.0,total-1
2022-01-26 09:01:40.867000-05:00,11,1562208.0,10.0,total-1
2022-01-26 09:19:11.267000-05:00,108,1562208.0,18.0,total-1
2022-01-26 09:30:52.518000-05:00,397,1562208.0,28.0,total-1
2022-01-26 09:44:04.399000-05:00,554,1562208.0,26.0,total-1
2022-01-26 10:01:38.729000-05:00,690,1562208.0,27.0,total-1
2022-01-26 10:25:19.170000-05:00,891,1562208.0,38.0,total-1
2022-01-26 10:37:17.736000-05:00,670,1562208.0,43.0,total-1
2022-01-26 10:43:40.429000-05:00,509,1562208.0,48.0,total-1
2022-01-26 11:07:32.734000-05:00,547,1562208.0,56.0,total-1
2022-01-26 11:37:55.318000-05:00,589,1562208.0,53.0,total-1
2022-01-26 11:55:03.831000-05:00,587,1562208.0,51.0,total-1
2022-01-26 12:25:48.114000-05:00,439,1562208.0,52.0,total-1
2022-01-26 12:37:43.879000-05:00,331,1562208.0,47.0,total-1
2022-01-26 12:42:56.584000-05:00,335,1562208.0,47.0,total-1
2022-01-26 13:01:37.046000-05:00,297,1562208.0,48.0,total-1
2022-01-26 13:25:14.750000-05:00,268,1562208.0,48.0,total-1
2022-01-26 13:48:55.020000-05:00,256,1562208.0,55.0,total-1
2022-01-26 14:01:52.394000-05:00,241,1562208.0,56.0,total-1
2022-01-26 14:19:05.310000-05:00,137,1562208.0,53.0,total-1
2022-01-26 14:30:58.329000-05:00,139,1562208.0,52.0,total-1
2022-01-26 14:44:02.949000-05:00,150,1562208.0,49.0,total-1
2022-01-26 15:01:11.207000-05:00,275,1562208.0,51.0,total-1
2022-01-26 15:25:08.058000-05:00,392,1562208.0,41.0,total-1
2022-01-26 15:31:47.010000-05:00,386,1562208.0,36.0,total-1
2022-01-26 15:43:52.352000-05:00,386,1562208.0,32.0,total-1
2022-01-26 16:13:08.928000-05:00,434,1562208.0,33.0,total-1
2022-01-26 16:19:49.191000-05:00,244,1562208.0,27.0,total-1
2022-01-26 16:31:55.682000-05:00,160,1562208.0,25.0,total-1
2022-01-26 16:43:40.795000-05:00,70,1562208.0,27.0,total-1
2022-01-26 17:00:48.092000-05:00,86,1562208.0,25.0,total-1
2022-01-26 17:19:16.395000-05:00,84,1562208.0,23.0,total-1
2022-01-26 17:30:53.990000-05:00,75,1562208.0,18.0,total-1
2022-01-26 17:43:55.337000-05:00,139,1562208.0,20.0,total-1
2022-01-26 18:02:10.634000-05:00,114,1562208.0,16.0,total-1
2022-01-26 18:24:50.328000-05:00,99,1562208.0,15.0,total-1
2022-01-26 18:31:36.892000-05:00,96,1562208.0,12.0,total-1
2022-01-26 18:43:01.465000-05:00,124,1562208.0,12.0,total-1
2022-01-26 19:20:00.614000-05:00,92,1562208.0,10.0,total-1
2022-01-26 20:31:36.785000-05:00,68,1562208.0,9.0,total-1
2022-01-26 21:13:24.370000-05:00,44,1562208.0,7.0,total-1
2022-01-26 21:43:43.822000-05:00,45,1562208.0,8.0,total-1
2022-01-26 21:48:54.802000-05:00,45,1562208.0,8.0,total-1
2022-01-26 22:00:50.030000-05:00,46,1562208.0,9.0,total-1
2022-01-26 22:25:54.732000-05:00,51,1562208.0,9.0,total-1
2022-01-26 22:31:06.813000-05:00,52,1562208.0,10.0,total-1
2022-01-26 22:43:00.811000-05:00,52,1562208.0,10.0,total-1
2022-01-26 23:02:03.091000-05:00,67,1562208.0,11.0,total-1
2022-01-26 23:31:39.636000-05:00,73,1562208.0,11.0,total-1
2022-01-26 23:50:07.489000-05:00,50,1562208.0,6.0,total-1
2022-01-27 00:02:05.129000-05:00,36,1562208.0,6.0,total-1
2022-01-27 00:19:08.084000-05:00,23,1562208.0,5.0,total-1
2022-01-27 00:25:50.608000-05:00,24,1562208.0,6.0,total-1
2022-01-27 00:44:03.845000-05:00,22,1562208.0,6.0,total-1
2022-01-27 01:01:40.574000-05:00,11,1562208.0,3.0,total-1
2022-01-27 01:31:35.070000-05:00,14,1562208.0,6.0,total-1
2022-01-27 01:49:44.514000-05:00,12,1562208.0,4.0,total-1
2022-01-27 02:01:39.337000-05:00,12,1562208.0,4.0,total-1
2022-01-27 02:19:02.626000-05:00,12,1562208.0,4.0,total-1
2022-01-27 02:25:34.433000-05:00,4,1562208.0,3.0,total-1
2022-01-27 02:43:55.371000-05:00,18,1562208.0,4.0,total-1
2022-01-27 03:07:39.777000-05:00,19,1562208.0,5.0,total-1
2022-01-27 03:26:36.374000-05:00,19,1562208.0,5.0,total-1
2022-01-27 03:43:21.275000-05:00,18,1562208.0,4.0,total-1
2022-01-27 04:02:16.492000-05:00,19,1562208.0,5.0,total-1
2022-01-27 04:25:57.436000-05:00,21,1562208.0,5.0,total-1
2022-01-27 04:32:03.927000-05:00,21,1562208.0,5.0,total-1
2022-01-27 04:43:01.740000-05:00,20,1562208.0,4.0,total-1
2022-01-27 05:01:39.083000-05:00,21,1562208.0,5.0,total-1
2022-01-27 05:24:58.546000-05:00,19,1562208.0,5.0,total-1
2022-01-27 05:37:00.534000-05:00,20,1562208.0,6.0,total-1
2022-01-27 05:43:54.082000-05:00,20,1562208.0,6.0,total-1
2022-01-27 06:01:10.307000-05:00,25,1562208.0,8.0,total-1
2022-01-27 06:19:40.741000-05:00,25,1562208.0,8.0,total-1
2022-01-27 06:24:54.021000-05:00,38,1562269.0,9.0,total-1
2022-01-27 06:43:23.599000-05:00,38,1562269.0,9.0,total-1
2022-01-27 07:07:45.965000-05:00,21,1562269.0,6.0,total-1
2022-01-27 07:37:46.581000-05:00,24,1562269.0,6.0,total-1
2022-01-27 08:01:46.379000-05:00,188,1562269.0,11.0,total-1
2022-01-27 08:25:55.935000-05:00,197,1562269.0,15.0,total-1
2022-01-27 08:37:49.025000-05:00,198,1562269.0,16.0,total-1
2022-01-27 08:43:28.470000-05:00,193,1562269.0,13.0,total-1
2022-01-27 09:01:46.480000-05:00,270,1562269.0,21.0,total-1
2022-01-27 09:19:03.927000-05:00,231,1562269.0,26.0,total-1
2022-01-27 09:31:32.728000-05:00,289,1562269.0,33.0,total-1
2022-01-27 09:43:13.910000-05:00,136,1562269.0,34.0,total-1
2022-01-27 10:01:44.435000-05:00,126,1562269.0,34.0,total-1
2022-01-27 10:26:35.117000-05:00,152,1562269.0,37.0,total-1
2022-01-27 10:38:07.956000-05:00,191,1562269.0,36.0,total-1
2022-01-27 10:43:40.321000-05:00,173,1562269.0,37.0,total-1
2022-01-27 11:07:31.702000-05:00,262,1562269.0,44.0,total-1
2022-01-27 11:36:52.134000-05:00,310,1562269.0,45.0,total-1
2022-01-27 11:55:25.908000-05:00,265,1562269.0,44.0,total-1
2022-01-27 12:24:59.530000-05:00,255,1562269.0,43.0,total-1
2022-01-27 12:43:38.706000-05:00,243,1562269.0,40.0,total-1
2022-01-27 13:07:22.445000-05:00,226,1562269.0,43.0,total-1
2022-01-27 13:25:46.555000-05:00,224,1562269.0,41.0,total-1
2022-01-27 13:42:57.520000-05:00,123,1562269.0,47.0,total-1
2022-01-27 14:01:37.712000-05:00,102,1562269.0,49.0,total-1
2022-01-27 14:19:58.891000-05:00,149,1562269.0,45.0,total-1
2022-01-27 14:25:09.634000-05:00,149,1562269.0,46.0,total-1
2022-01-27 14:43:45.625000-05:00,172,1562269.0,42.0,total-1
2022-01-27 15:01:59.344000-05:00,135,1562269.0,40.0,total-1
2022-01-27 15:25:41.225000-05:00,106,1562269.0,36.0,total-1
2022-01-27 15:31:04.227000-05:00,82,1562269.0,35.0,total-1
2022-01-27 15:42:59.174000-05:00,106,1562269.0,37.0,total-1
2022-01-27 16:01:42.163000-05:00,134,1562269.0,41.0,total-1
2022-01-27 16:18:51.239000-05:00,80,1562269.0,29.0,total-1
2022-01-27 16:25:21.532000-05:00,72,1562269.0,29.0,total-1
2022-01-27 16:43:50.337000-05:00,52,1562269.0,21.0,total-1
2022-01-27 17:01:56.878000-05:00,50,1562269.0,23.0,total-1
2022-01-27 17:25:30.422000-05:00,38,1562269.0,21.0,total-1
2022-01-27 17:30:52.665000-05:00,37,1562269.0,21.0,total-1
2022-01-27 17:43:55.315000-05:00,25,1562269.0,13.0,total-1
2022-01-27 18:02:08.796000-05:00,12,1562269.0,12.0,total-1
2022-01-27 18:25:06.737000-05:00,48,1562269.0,16.0,total-1
2022-01-27 18:31:48.338000-05:00,48,1562269.0,16.0,total-1
2022-01-27 18:43:21.737000-05:00,48,1562269.0,16.0,total-1
2022-01-27 19:19:11.750000-05:00,45,1562269.0,13.0,total-1
2022-01-27 20:31:52.974000-05:00,19,1562269.0,11.0,total-1
2022-01-27 21:13:28.110000-05:00,21,1562269.0,13.0,total-1
2022-01-27 21:43:28.439000-05:00,19,1562269.0,10.0,total-1
2022-01-27 22:02:17.469000-05:00,13,1562269.0,10.0,total-1
2022-01-27 22:19:34.234000-05:00,15,1562269.0,9.0,total-1
2022-01-27 22:32:06.662000-05:00,16,1562269.0,10.0,total-1
2022-01-27 22:43:08.255000-05:00,16,1562269.0,8.0,total-1
2022-01-27 23:06:46.591000-05:00,18,1562269.0,8.0,total-1
2022-01-27 23:32:36.571000-05:00,15,1562269.0,7.0,total-1
2022-01-27 23:49:07.156000-05:00,16,1562269.0,8.0,total-1
2022-01-28 00:02:17.798000-05:00,9,1562269.0,5.0,total-1
2022-01-28 00:19:34.372000-05:00,7,1562269.0,3.0,total-1
2022-01-28 00:31:29.159000-05:00,4,1562269.0,2.0,total-1
2022-01-28 00:43:10.605000-05:00,5,1562269.0,3.0,total-1
2022-01-28 01:07:00.210000-05:00,7,1562269.0,5.0,total-1
2022-01-28 01:25:27.406000-05:00,6,1562269.0,4.0,total-1
2022-01-28 01:49:22.631000-05:00,11,1562269.0,7.0,total-1
2022-01-28 02:01:02.395000-05:00,10,1562269.0,6.0,total-1
2022-01-28 02:19:32.841000-05:00,9,1562269.0,5.0,total-1
2022-01-28 02:31:32.769000-05:00,9,1562269.0,5.0,total-1
2022-01-28 02:43:02.160000-05:00,37,1562269.0,6.0,total-1
2022-01-28 03:06:53.676000-05:00,38,1562269.0,7.0,total-1
2022-01-28 03:25:18.333000-05:00,38,1562269.0,7.0,total-1
2022-01-28 03:43:42.606000-05:00,40,1562269.0,9.0,total-1
2022-01-28 04:02:11.045000-05:00,45,1562269.0,12.0,total-1
2022-01-28 04:26:38.101000-05:00,46,1562269.0,13.0,total-1
2022-01-28 04:31:31.146000-05:00,46,1562269.0,13.0,total-1
2022-01-28 04:43:11.233000-05:00,46,1562269.0,13.0,total-1
2022-01-28 05:07:07.569000-05:00,17,1562269.0,11.0,total-1
2022-01-28 05:25:53.226000-05:00,12,1562269.0,10.0,total-1
2022-01-28 05:37:45.411000-05:00,11,1562269.0,9.0,total-1
2022-01-28 05:43:00.552000-05:00,11,1562269.0,9.0,total-1
2022-01-28 06:01:36.724000-05:00,10,1562269.0,8.0,total-1
2022-01-28 06:18:58.160000-05:00,9,1562486.0,7.0,total-1
2022-01-28 06:25:29.945000-05:00,9,1562486.0,7.0,total-1
2022-01-28 06:43:57.368000-05:00,9,1562486.0,7.0,total-1
2022-01-28 07:06:56.094000-05:00,9,1562486.0,7.0,total-1
2022-01-28 07:37:01.192000-05:00,9,1562486.0,7.0,total-1
2022-01-28 07:55:23.381000-05:00,14,1562486.0,10.0,total-1
2022-01-28 08:14:00.120000-05:00,10,1562486.0,8.0,total-1
2022-01-28 08:31:31.260000-05:00,9,1562486.0,7.0,total-1
2022-01-28 08:43:15.360000-05:00,9,1562486.0,8.0,total-1
2022-01-28 09:02:06.208000-05:00,11,1562486.0,10.0,total-1
2022-01-28 09:18:51.132000-05:00,16,1562486.0,15.0,total-1
2022-01-28 09:25:33.807000-05:00,17,1562486.0,15.0,total-1
2022-01-28 09:43:43.330000-05:00,18,1562486.0,16.0,total-1
2022-01-28 10:00:49.990000-05:00,23,1562486.0,22.0,total-1
2022-01-28 10:25:05.901000-05:00,50,1562486.0,20.0,total-1
2022-01-28 10:37:07.285000-05:00,47,1562486.0,19.0,total-1
2022-01-28 10:43:33.719000-05:00,19,1562486.0,19.0,total-1
2022-01-28 11:07:21.727000-05:00,29,1562486.0,26.0,total-1
2022-01-28 11:37:44.399000-05:00,290,1562486.0,31.0,total-1
2022-01-28 11:54:49.049000-05:00,332,1562486.0,31.0,total-1
2022-01-28 12:13:25.034000-05:00,335,1562486.0,29.0,total-1
2022-01-28 12:32:15.603000-05:00,299,1562486.0,26.0,total-1
2022-01-28 12:43:59.101000-05:00,299,1562486.0,26.0,total-1
2022-01-28 13:01:34.822000-05:00,245,1562486.0,27.0,total-1
2022-01-28 13:25:55.706000-05:00,317,1562486.0,38.0,total-1
2022-01-28 13:43:08.471000-05:00,450,1562486.0,41.0,total-1
2022-01-28 14:01:48.815000-05:00,717,1562486.0,47.0,total-1
2022-01-28 14:19:18.738000-05:00,639,1562486.0,54.0,total-1
2022-01-28 14:31:42.494000-05:00,763,1562486.0,53.0,total-1
2022-01-28 14:43:34.275000-05:00,760,1562486.0,53.0,total-1
2022-01-28 15:01:59.912000-05:00,722,1562486.0,45.0,total-1
2022-01-28 15:25:52.461000-05:00,1078,1562486.0,47.0,total-1
2022-01-28 15:31:09.050000-05:00,1026,1562486.0,41.0,total-1
2022-01-28 15:43:03.391000-05:00,1016,1562486.0,41.0,total-1
2022-01-28 16:02:13.122000-05:00,872,1562486.0,39.0,total-1
2022-01-28 16:20:08.799000-05:00,739,1562486.0,41.0,total-1
2022-01-28 16:30:52.032000-05:00,741,1562486.0,44.0,total-1
2022-01-28 16:44:08.025000-05:00,134,1562486.0,41.0,total-1
2022-01-28 17:01:16.259000-05:00,80,1562486.0,30.0,total-1
2022-01-28 17:25:00.250000-05:00,153,1562486.0,28.0,total-1
2022-01-28 17:31:40.777000-05:00,105,1562486.0,25.0,total-1
2022-01-28 17:43:32.344000-05:00,104,1562486.0,24.0,total-1
2022-01-28 18:02:05.380000-05:00,140,1562486.0,25.0,total-1
2022-01-28 18:24:54.242000-05:00,146,1562486.0,22.0,total-1
2022-01-28 18:31:36.568000-05:00,145,1562486.0,20.0,total-1
